step	loss
0	11.669719696044922
1	5.036841869354248
2	4.870571136474609
3	4.737937927246094
4	4.694192886352539
5	4.644266605377197
6	4.629570960998535
7	4.604655742645264
8	4.618204116821289
9	4.607999801635742
10	4.595499038696289
11	4.561607360839844
12	4.581508636474609
