step	loss
0	2482.7568359375
1	195.1194610595703
2	48.95112609863281
3	46.35393142700195
4	44.86383819580078
5	42.73855209350586
6	41.48100662231445
7	40.20831298828125
8	39.21820068359375
9	38.01124954223633
10	37.42605972290039
11	36.56510925292969
12	36.047847747802734
13	35.20755386352539
14	34.936527252197266
15	34.00575637817383
16	33.730472564697266
17	32.876583099365234
