step	loss
0	11.61997127532959
1	5.060788154602051
2	4.863411903381348
3	4.731982231140137
4	4.672579288482666
5	4.653348922729492
6	4.617473602294922
7	4.631279945373535
8	4.617498397827148
9	4.60671854019165
10	4.579554080963135
