step	loss
0	7.1847429275512695
1	3.22290301322937
2	2.998016119003296
3	2.918076753616333
4	2.919205904006958
5	2.8772213459014893
6	2.9031829833984375
7	2.868133544921875
8	2.8925974369049072
9	2.8756847381591797
10	2.8782355785369873
11	2.861478328704834
12	2.833468437194824
13	2.8623435497283936
14	2.8185224533081055
15	2.8181564807891846
16	2.831930160522461
