step	loss
0	3123.644775390625
1	3123.466796875
2	3123.466552734375
3	3123.4658203125
4	3123.467529296875
5	3123.467041015625
6	3123.4658203125
7	3123.467529296875
8	3123.466552734375
9	3123.465576171875
10	3123.4638671875
