step	loss
0	3134.025146484375
1	3124.1826171875
2	3123.773193359375
3	3123.6416015625
4	3123.57763671875
5	3123.544677734375
6	3123.522705078125
7	3123.50830078125
8	3123.498779296875
9	3123.49267578125
10	3123.486328125
11	3123.481689453125
12	3123.47900390625
