step	mean_absolute_percentage_error
0	19.463714599609375
1	8.579303741455078
2	8.217287063598633
3	8.090349197387695
4	7.987980842590332
5	7.89193868637085
6	7.88977575302124
7	7.875372886657715
8	7.847403526306152
9	7.833193778991699
10	7.788947582244873
