step	mean_absolute_error
0	55.60233688354492
1	55.51359939575195
2	55.50979995727539
3	55.50859832763672
4	55.50800323486328
5	55.50770568847656
6	55.50749206542969
7	55.50732421875
8	55.50726318359375
9	55.50722122192383
10	55.50715637207031
11	55.50713348388672
12	55.50707244873047
