step	mean_absolute_percentage_error
0	98.55908203125
1	92.36711883544922
2	78.26424407958984
3	56.60920715332031
4	33.20438003540039
5	15.87706470489502
6	9.614119529724121
7	8.591397285461426
8	8.548824310302734
9	8.565077781677246
10	8.358078002929688
11	8.369317054748535
12	8.233715057373047
13	8.102618217468262
14	7.981884956359863
15	7.827960014343262
16	7.828372001647949
17	7.724496841430664
18	7.722550868988037
