step	mean_absolute_percentage_error
0	19.40950584411621
1	8.539019584655762
2	8.278021812438965
3	8.056839942932129
4	7.977612018585205
5	7.89966344833374
6	7.873034954071045
7	7.83169412612915
8	7.858466148376465
9	7.837498664855957
10	7.819367408752441
11	7.772201061248779
12	7.794256210327148
