step	mean_squared_error
0	395.31951904296875
1	41.22539138793945
2	38.24284744262695
3	36.4736328125
4	35.523948669433594
5	35.19633865356445
6	34.76387405395508
7	34.92929458618164
8	34.73551559448242
9	34.51389694213867
10	34.26033401489258
