step	mean_absolute_percentage_error
0	82.2255859375
1	18.282474517822266
2	9.528810501098633
3	9.28783130645752
4	9.13593864440918
5	8.922342300415039
6	8.779958724975586
7	8.652413368225098
8	8.539669036865234
9	8.413166046142578
10	8.338884353637695
11	8.260353088378906
12	8.18482494354248
13	8.102678298950195
14	8.041010856628418
15	7.94185209274292
16	7.92540168762207
17	7.826582431793213
