step	mean_absolute_error
0	19.067283630371094
1	5.359204292297363
2	5.103578090667725
3	4.99674129486084
4	4.8974714279174805
5	4.803792953491211
6	4.713245391845703
7	4.687225341796875
8	4.667394638061523
9	4.574920177459717
10	4.5654096603393555
11	4.5396199226379395
12	4.561614036560059
13	4.530407905578613
14	4.517813682556152
