step	mean_absolute_error
0	55.57819366455078
1	52.065128326416016
2	44.164024353027344
3	32.07758712768555
4	18.99922752380371
5	9.222038269042969
6	5.509851932525635
7	4.824355602264404
8	4.765888690948486
9	4.776486396789551
10	4.653141498565674
11	4.661882400512695
12	4.58828592300415
13	4.512269020080566
14	4.442982196807861
15	4.357089996337891
16	4.358246803283691
17	4.300459384918213
18	4.293810844421387
