step	mean_squared_error
0	3420.931396484375
1	3420.701171875
2	3420.699951171875
3	3420.701171875
4	3420.6982421875
5	3420.695556640625
6	3420.69580078125
7	3420.69921875
8	3420.700927734375
9	3420.69580078125
10	3420.6982421875
