step	mean_squared_error
0	698.2127075195312
1	44.589229583740234
2	41.08675003051758
3	39.328556060791016
4	36.964534759521484
5	36.444766998291016
6	35.84028625488281
7	35.14899444580078
8	34.5942497253418
9	34.7184944152832
10	34.291046142578125
11	34.14579391479492
12	33.930419921875
