step	mean_absolute_error
0	11.619539260864258
1	5.060898780822754
2	4.863536834716797
3	4.731938362121582
4	4.672627925872803
5	4.653318405151367
6	4.617425441741943
7	4.631311893463135
8	4.617508888244629
9	4.606709957122803
10	4.579564094543457
