step	mean_squared_error
0	398.489990234375
1	40.93370056152344
2	38.31854248046875
3	36.355247497558594
4	35.828731536865234
5	34.987518310546875
6	34.93609619140625
7	34.61241912841797
8	34.75582504272461
9	34.41438674926758
10	34.36209487915039
11	34.117923736572266
12	34.26838684082031
