step	mean_absolute_error
0	55.507320404052734
1	55.50880432128906
2	55.50980758666992
3	55.50894546508789
4	55.5079345703125
5	55.508140563964844
6	55.50319290161133
7	55.50762176513672
8	55.50685501098633
9	55.505149841308594
10	55.504371643066406
