step	mean_absolute_percentage_error
0	98.28638458251953
1	98.28314971923828
2	98.2831039428711
3	98.2831039428711
4	98.28292083740234
5	98.28299713134766
6	98.2829360961914
7	98.2829360961914
8	98.28303527832031
9	98.28300476074219
10	98.28308868408203
