step	mean_squared_error
0	398.0235595703125
1	41.28861999511719
2	37.886714935302734
3	36.5410041809082
4	35.60141372680664
5	34.955963134765625
6	35.07529067993164
7	34.864524841308594
8	34.57585906982422
9	34.521240234375
10	34.22533416748047
