step	mean_absolute_error
0	58.06726837158203
1	58.06523895263672
2	58.0653076171875
3	58.0653076171875
4	58.065250396728516
5	58.06528091430664
6	58.06526184082031
7	58.06525802612305
8	58.06528091430664
9	58.0653076171875
10	58.06527328491211
