step	mean_absolute_error
0	48.5175895690918
1	10.984016418457031
2	5.556939601898193
3	5.408550262451172
4	5.322329998016357
5	5.194240093231201
6	5.109002590179443
7	5.033519268035889
8	4.965654373168945
9	4.892270088195801
10	4.848810195922852
11	4.8029303550720215
12	4.759718894958496
13	4.710137367248535
14	4.675927639007568
15	4.616615295410156
16	4.606889247894287
17	4.548439025878906
