step	mean_absolute_error
0	2.021169900894165
1	1.4342973232269287
2	1.3817154169082642
3	1.3631806373596191
4	1.357539176940918
5	1.349776029586792
6	1.3584325313568115
7	1.3486411571502686
8	1.3570818901062012
9	1.3531140089035034
10	1.3515102863311768
11	1.3496074676513672
12	1.3410325050354004
13	1.3464184999465942
14	1.3361525535583496
15	1.33323073387146
16	1.3392646312713623
