step	mean_squared_error
0	752.0950927734375
1	46.24998092651367
2	41.90209197998047
3	40.255245208740234
4	38.665504455566406
5	37.51713562011719
6	36.303104400634766
7	35.865604400634766
8	35.614288330078125
9	34.32048416137695
10	34.324745178222656
11	33.80506134033203
12	34.099609375
13	33.38097381591797
14	33.34830093383789
