step	mean_absolute_error
0	11.694045066833496
1	5.0639238357543945
2	4.839101314544678
3	4.758152484893799
4	4.700983047485352
5	4.639473915100098
6	4.639988899230957
7	4.629203796386719
8	4.615617752075195
9	4.603575706481934
10	4.580424785614014
