step	mean_absolute_percentage_error
0	19.36170768737793
1	8.582218170166016
2	8.253353118896484
3	8.040127754211426
4	7.945019245147705
5	7.913758277893066
6	7.851260185241699
7	7.869704723358154
8	7.860246181488037
9	7.8333563804626465
10	7.794200420379639
