step	mean_squared_error
0	3124.5625
1	2745.98779296875
2	1991.994384765625
3	1078.456298828125
4	409.7634582519531
5	118.08574676513672
6	48.16050338745117
7	37.405433654785156
8	36.49617385864258
9	36.38048553466797
10	34.83042526245117
11	34.75881576538086
12	33.6572380065918
13	32.53541946411133
14	31.58034324645996
15	30.44485855102539
16	30.487781524658203
17	29.56376838684082
18	29.506196975708008
