step	mean_absolute_percentage_error
0	98.20967102050781
1	98.20690155029297
2	98.20694732666016
3	98.20690155029297
4	98.20687866210938
5	98.20683288574219
6	98.20672607421875
7	98.2068862915039
8	98.20684814453125
9	98.20682525634766
10	98.206787109375
