step	mean_absolute_percentage_error
0	34.313560485839844
1	25.98649024963379
2	25.144847869873047
3	24.824552536010742
4	24.786766052246094
5	24.6140193939209
6	24.78472137451172
7	24.642839431762695
8	24.771560668945312
9	24.697444915771484
10	24.667051315307617
11	24.63536262512207
12	24.436267852783203
13	24.63355255126953
14	24.430063247680664
15	24.332050323486328
16	24.444347381591797
