step	mean_absolute_percentage_error
0	31.46941566467285
1	9.405721664428711
2	9.059900283813477
3	8.809072494506836
4	8.541058540344238
5	8.487381935119629
6	8.390176773071289
7	8.332096099853516
8	8.23593807220459
9	8.256379127502441
10	8.200423240661621
11	8.179383277893066
12	8.134330749511719
