step	mean_absolute_percentage_error
0	33.70903015136719
1	9.639934539794922
2	9.18170166015625
3	8.993711471557617
4	8.817397117614746
5	8.652442932128906
6	8.488205909729004
7	8.452727317810059
8	8.414915084838867
9	8.251781463623047
10	8.235139846801758
11	8.184083938598633
12	8.23486614227295
13	8.174592971801758
14	8.148030281066895
