step	mean_absolute_error
0	17.74605369567871
1	5.225220203399658
2	5.025291919708252
3	4.889433860778809
4	4.735985279083252
5	4.707380294799805
6	4.6531081199646
7	4.606739044189453
8	4.567657947540283
9	4.568934440612793
10	4.541860103607178
11	4.5274457931518555
12	4.500770568847656
