step	mean_absolute_percentage_error
0	98.37891387939453
1	98.21898651123047
2	98.21202087402344
3	98.2098159790039
4	98.20877838134766
5	98.20816040039062
6	98.20779418945312
7	98.20752716064453
8	98.20738220214844
9	98.20729064941406
10	98.20716857910156
11	98.20710754394531
12	98.20706939697266
