step	r2_score
0	-72.8368148803711
1	-72.6075668334961
2	-72.60957336425781
3	-72.59747314453125
4	-72.59437561035156
5	-72.59201049804688
6	-72.59784698486328
7	-72.59221649169922
8	-72.59834289550781
9	-72.58549499511719
10	-72.5879898071289
11	-72.59847259521484
12	-72.58888244628906
