step	r_squared
0	-8.195120811462402
1	0.0777895525097847
2	0.15398730337619781
3	0.1829555481672287
4	0.20731809735298157
5	0.22488458454608917
6	0.21840137243270874
7	0.22855603694915771
8	0.23325514793395996
9	0.2308633029460907
10	0.24278368055820465
