step	r_squared
0	-17.26738739013672
1	-0.13582488894462585
2	-0.04376997426152229
3	-0.000538559805136174
4	0.07266352325677872
5	0.07246311753988266
6	0.09458673745393753
7	0.10327193140983582
8	0.12900295853614807
9	0.12398234754800797
10	0.1345646232366562
11	0.1356731355190277
12	0.14740967750549316
