step	r_squared
0	-8.168266296386719
1	0.0901581346988678
2	0.14567287266254425
3	0.19031308591365814
4	0.20319709181785583
5	0.2217901051044464
6	0.2251293808221817
7	0.23250919580459595
8	0.22629289329051971
9	0.23542828857898712
10	0.2398020178079605
11	0.24456222355365753
12	0.2368825078010559
