step	r_squared
0	-19.2020320892334
1	-0.18218575417995453
2	-0.07330478727817535
3	-0.03346839174628258
4	0.018475277349352837
5	0.05082712322473526
6	0.07444745302200317
7	0.09135904908180237
8	0.091293565928936
9	0.1331903487443924
10	0.13580407202243805
11	0.1444413810968399
12	0.13897743821144104
13	0.1532820761203766
14	0.16211208701133728
