step	r_squared
0	-1.296303391456604
1	-0.024924522265791893
2	0.05350888893008232
3	0.07893431931734085
4	0.07904740422964096
5	0.0944046601653099
6	0.08359383046627045
7	0.09602777659893036
8	0.08839970827102661
9	0.09081633388996124
10	0.09318909794092178
11	0.0967855304479599
12	0.10074219852685928
13	0.09061961621046066
14	0.10716687887907028
15	0.10833953320980072
16	0.10669273138046265
