step	r_squared
0	-80.93492126464844
1	-70.64392852783203
2	-51.38984680175781
3	-27.591154098510742
4	-9.716960906982422
5	-2.025106906890869
6	-0.2368413358926773
7	0.05008713901042938
8	0.06397166848182678
9	0.07206250727176666
10	0.09892717003822327
11	0.11878156661987305
12	0.1275721788406372
13	0.16300439834594727
14	0.18466506898403168
15	0.21267272531986237
16	0.21226683259010315
17	0.23323902487754822
18	0.23707899451255798
