step	r_squared
0	-8.10177993774414
1	0.0791407898068428
2	0.1486818641424179
3	0.18582451343536377
4	0.20737193524837494
5	0.2148631066083908
6	0.22614973783493042
7	0.22421523928642273
8	0.2292921543121338
9	0.22927579283714294
10	0.24020391702651978
