step	root_mean_squared_error
0	49.8272705078125
1	13.968517303466797
2	6.996508598327637
3	6.8083720207214355
4	6.698047637939453
5	6.537472724914551
6	6.440575122833252
7	6.341002464294434
8	6.262443542480469
9	6.1653265953063965
10	6.117684841156006
11	6.046909332275391
12	6.00398588180542
13	5.933595657348633
14	5.910713195800781
15	5.831446170806885
16	5.807794094085693
17	5.733810901641846
