step	root_mean_squared_error
0	2.6804370880126953
1	1.7952444553375244
2	1.7314780950546265
3	1.708237886428833
4	1.7085682153701782
5	1.6962374448776245
6	1.7038729190826416
7	1.693556547164917
8	1.7007638216018677
9	1.6957844495773315
10	1.6965363025665283
11	1.691590428352356
12	1.6832910776138306
13	1.6918461322784424
14	1.6788456439971924
15	1.6787365674972534
16	1.6828340291976929
