step	root_mean_squared_error
0	55.982364654541016
1	55.894386291503906
2	55.890724182128906
3	55.88954544067383
4	55.888973236083984
5	55.88867950439453
6	55.888484954833984
7	55.88835525512695
8	55.88827133178711
9	55.888214111328125
10	55.88815689086914
11	55.88811492919922
12	55.888092041015625
