step	root_mean_squared_error
0	26.423715591430664
1	6.677516937255859
2	6.4098944664001465
3	6.271248817443848
4	6.079846382141113
5	6.03695011138916
6	5.98667573928833
7	5.928658485412598
8	5.881688117980957
9	5.892240524291992
10	5.855855941772461
11	5.843440532684326
12	5.8249831199646
