step	root_mean_squared_error
0	58.48872756958008
1	58.486759185791016
2	58.48674774169922
3	58.486759185791016
4	58.48673629760742
5	58.48670959472656
6	58.486717224121094
7	58.48674011230469
8	58.486759185791016
9	58.486717224121094
10	58.48673629760742
