step	root_mean_squared_error
0	27.424352645874023
1	6.800734043121338
2	6.473182678222656
3	6.344701766967773
4	6.218158721923828
5	6.125123977661133
6	6.025206089019775
7	5.988790512084961
8	5.967770576477051
9	5.858368873596191
10	5.8587327003479
11	5.814212322235107
12	5.839487075805664
13	5.777627468109131
14	5.77479887008667
