step	root_mean_squared_error
0	19.950529098510742
1	6.425622463226318
2	6.155218601226807
3	6.044915676116943
4	5.966691970825195
5	5.912356853485107
6	5.9224395751953125
7	5.904618740081787
8	5.880124092102051
9	5.875478267669678
10	5.850242614746094
