step	root_mean_squared_error
0	19.962215423583984
1	6.397944927215576
2	6.190197467803955
3	6.029531002044678
4	5.985711097717285
5	5.915024757385254
6	5.9106764793396
7	5.883232116699219
8	5.895407199859619
9	5.866377830505371
10	5.861919403076172
11	5.841055393218994
12	5.853920936584473
