step	root_mean_squared_error
0	55.89778518676758
1	52.40217590332031
2	44.63176345825195
3	32.83985900878906
4	20.24261474609375
5	10.866726875305176
6	6.93977689743042
7	6.1159987449646
8	6.041205883026123
9	6.0316243171691895
10	5.901730537414551
11	5.895660877227783
12	5.801485538482666
13	5.703982830047607
14	5.619638919830322
15	5.517686367034912
16	5.5215744972229
17	5.437257289886475
18	5.431960582733154
