step	root_mean_squared_error
0	55.88957595825195
1	55.88798522949219
2	55.88798141479492
3	55.88797378540039
4	55.88798904418945
5	55.88798522949219
6	55.88797378540039
7	55.88798904418945
8	55.88798141479492
9	55.88797378540039
10	55.88795852661133
