step	root_mean_squared_error
0	19.882644653320312
1	6.420700550079346
2	6.184080123901367
3	6.039340019226074
4	5.9601969718933105
5	5.932650089263916
6	5.896089553833008
7	5.910101413726807
8	5.893684387207031
9	5.874853134155273
10	5.853233337402344
