{
    "train": {
        "loss": 5329.802734375,
        "mean_absolute_error": 72.98414611816406,
        "mean_absolute_percentage_error": 98.44264221191406,
        "mean_squared_error": 5329.802734375,
        "root_mean_squared_error": 73.00550079345703,
        "custom_r_squared": -2448.06884765625
    },
    "eval": {
        "loss": 5284.69189453125,
        "mean_absolute_error": 72.6692886352539,
        "mean_absolute_percentage_error": 98.17247772216797,
        "mean_squared_error": 5284.69189453125,
        "root_mean_squared_error": 72.69588470458984,
        "custom_r_squared": -4050.77978515625
    },
    "step": 9
}
