{
    "train": {
        "loss": 24.253280639648438,
        "mean_absolute_error": 3.844633102416992,
        "mean_absolute_percentage_error": 5.189713954925537,
        "mean_squared_error": 24.253280639648438,
        "root_mean_squared_error": 4.92476224899292,
        "r_squared": -8.941435813903809
    },
    "eval": {
        "loss": 29.729677200317383,
        "mean_absolute_error": 4.335803031921387,
        "mean_absolute_percentage_error": 5.839819431304932,
        "mean_squared_error": 29.729677200317383,
        "root_mean_squared_error": 5.452492713928223,
        "r_squared": -10.986895561218262
    },
    "step": 225
}
