{
    "train": {
        "loss": 5416.01171875,
        "mean_absolute_error": 73.56951141357422,
        "mean_absolute_percentage_error": 99.22944641113281,
        "mean_squared_error": 5416.01171875,
        "root_mean_squared_error": 73.59355926513672,
        "custom_r_squared": -2112.0869140625
    },
    "eval": {
        "loss": 5361.97265625,
        "mean_absolute_error": 73.20286560058594,
        "mean_absolute_percentage_error": 98.87794494628906,
        "mean_squared_error": 5361.97265625,
        "root_mean_squared_error": 73.22549438476562,
        "custom_r_squared": -2165.21337890625
    },
    "step": 9
}
