{
    "train": {
        "loss": 4.823111534118652,
        "mean_absolute_error": 4.8230671882629395,
        "mean_absolute_percentage_error": 8.301883697509766,
        "mean_squared_error": 38.5699348449707,
        "root_mean_squared_error": 6.210469722747803,
        "r_squared": 0.20045600831508636
    },
    "eval": {
        "loss": 4.7955193519592285,
        "mean_absolute_error": 4.795256614685059,
        "mean_absolute_percentage_error": 8.338497161865234,
        "mean_squared_error": 37.18590545654297,
        "root_mean_squared_error": 6.098024368286133,
        "r_squared": 0.2824399471282959
    },
    "step": 10
}
