{
    "train": {
        "loss": 4.78754186630249,
        "mean_absolute_error": 4.787512302398682,
        "mean_absolute_percentage_error": 8.243304252624512,
        "mean_squared_error": 38.1724739074707,
        "root_mean_squared_error": 6.17838716506958,
        "r_squared": 0.21741142868995667
    },
    "eval": {
        "loss": 4.88417387008667,
        "mean_absolute_error": 4.880483150482178,
        "mean_absolute_percentage_error": 8.521780014038086,
        "mean_squared_error": 38.35664367675781,
        "root_mean_squared_error": 6.19327449798584,
        "r_squared": 0.2677708864212036
    },
    "step": 10
}
