{
    "train": {
        "loss": 3277.021240234375,
        "mean_absolute_error": 56.823219299316406,
        "mean_absolute_percentage_error": 98.2468032836914,
        "mean_squared_error": 3276.999755859375,
        "r2_score": -67.15995788574219,
        "root_mean_squared_error": 57.24527359008789
    },
    "eval": {
        "loss": 3098.6728515625,
        "mean_absolute_error": 55.28612518310547,
        "mean_absolute_percentage_error": 98.20100402832031,
        "mean_squared_error": 3098.005615234375,
        "r2_score": -73.62484741210938,
        "root_mean_squared_error": 55.66572570800781
    },
    "step": 0
}
