{
    "train": {
        "loss": 5341.18798828125,
        "mean_absolute_error": 73.06550598144531,
        "mean_absolute_percentage_error": 98.64940643310547,
        "mean_squared_error": 5341.18798828125,
        "root_mean_squared_error": 73.08342742919922,
        "custom_r_squared": -2296.159423828125
    },
    "eval": {
        "loss": 5339.1943359375,
        "mean_absolute_error": 73.05158233642578,
        "mean_absolute_percentage_error": 98.64892578125,
        "mean_squared_error": 5339.1943359375,
        "root_mean_squared_error": 73.06979370117188,
        "custom_r_squared": -2174.581787109375
    },
    "step": 9
}
