step	loss
0	781.8818359375
1	55.56574249267578
2	51.541015625
3	49.34063720703125
4	48.16609191894531
5	46.090415954589844
6	45.09833908081055
7	44.27988052368164
8	43.481197357177734
9	43.06388473510742
10	42.519775390625
