step	loss
0	11.721539497375488
1	5.25855827331543
2	5.074563503265381
3	4.966090679168701
4	4.903299331665039
5	4.866308689117432
6	4.852975368499756
7	4.833925247192383
8	4.837830543518066
9	4.814813613891602
10	4.8232526779174805
