step	loss
0	11.715526580810547
1	5.253006935119629
2	5.079258441925049
3	4.972241401672363
4	4.908533096313477
5	4.898735046386719
6	4.851973056793213
7	4.859288215637207
8	4.842304229736328
9	4.834836959838867
10	4.836266994476318
