step	loss
0	3241.06982421875
1	3233.687744140625
2	3233.314697265625
3	3233.19482421875
4	3233.13720703125
5	3233.105224609375
6	3233.087158203125
7	3233.072509765625
8	3233.06396484375
9	3233.058349609375
10	3233.05224609375
11	3233.048095703125
12	3233.04541015625
13	3233.04248046875
14	3233.039794921875
15	3233.04052734375
16	3233.036865234375
17	3233.03759765625
