step	loss
0	3233.202392578125
1	3233.033935546875
2	3233.03466796875
3	3233.034912109375
4	3233.034912109375
5	3233.034423828125
6	3233.034423828125
7	3233.034423828125
8	3233.034912109375
9	3233.033203125
10	3233.032470703125
