step	loss
0	7.6513824462890625
1	3.6259593963623047
2	3.327681541442871
3	3.260194778442383
4	3.2342095375061035
5	3.189777135848999
6	3.1805989742279053
7	3.193899393081665
8	3.1912593841552734
9	3.1884028911590576
10	3.157176971435547
11	3.1436522006988525
12	3.1316745281219482
13	3.1773386001586914
14	3.1655757427215576
15	3.1087276935577393
16	3.1476693153381348
17	3.1145317554473877
18	3.1355602741241455
19	3.1424660682678223
20	3.1022655963897705
