step	loss
0	3309.80859375
1	3309.4453125
2	3309.4423828125
3	3309.44287109375
4	3309.4404296875
5	3309.44287109375
6	3309.439208984375
7	3309.439208984375
8	3309.43798828125
9	3309.439208984375
10	3309.442138671875
