step	mean_absolute_error
0	47.596500396728516
1	10.927044868469238
2	5.807372570037842
3	5.690772533416748
4	5.571181297302246
5	5.470243453979492
6	5.416632652282715
7	5.306084632873535
8	5.2362236976623535
9	5.230987548828125
10	5.139371395111084
11	5.077898025512695
12	5.063618183135986
13	4.998688220977783
14	4.966440677642822
