step	mean_absolute_percentage_error
0	19.765216827392578
1	9.035165786743164
2	8.721236228942871
3	8.518654823303223
4	8.487478256225586
5	8.392755508422852
6	8.376913070678711
7	8.314605712890625
8	8.373387336730957
9	8.320374488830566
10	8.280553817749023
