step	mean_absolute_error
0	2.1051788330078125
1	1.541745901107788
2	1.4712454080581665
3	1.4599283933639526
4	1.452093243598938
5	1.4421658515930176
6	1.438919186592102
7	1.4417533874511719
8	1.43958580493927
9	1.444677710533142
10	1.4331496953964233
11	1.4294486045837402
12	1.4250837564468384
13	1.4374006986618042
14	1.437844157218933
15	1.4248028993606567
16	1.4324731826782227
17	1.4252228736877441
18	1.4269975423812866
19	1.4323595762252808
20	1.4241169691085815
