step	mean_absolute_percentage_error
0	19.725767135620117
1	9.016058921813965
2	8.7310209274292
3	8.549796104431152
4	8.44552993774414
5	8.434891700744629
6	8.3577880859375
7	8.3607177734375
8	8.345930099487305
9	8.320460319519043
10	8.32558536529541
