step	mean_absolute_percentage_error
0	36.03410720825195
1	28.555662155151367
2	27.542612075805664
3	27.274513244628906
4	27.203407287597656
5	27.014625549316406
6	26.971921920776367
7	27.01841163635254
8	26.95625877380371
9	27.066959381103516
10	26.84197425842285
11	26.852264404296875
12	26.71312713623047
13	26.96111297607422
14	26.914716720581055
15	26.74287986755371
16	26.838132858276367
17	26.81116485595703
18	26.75575828552246
19	26.85210418701172
20	26.73502540588379
