step	mean_absolute_error
0	56.41255187988281
1	56.41102981567383
2	56.40910720825195
3	56.40894317626953
4	56.40961456298828
5	56.40728759765625
6	56.409873962402344
7	56.41020965576172
8	56.40814208984375
9	56.413265228271484
10	56.409767150878906
