step	mean_absolute_error
0	11.72481918334961
1	5.258593559265137
2	5.074578762054443
3	4.966102123260498
4	4.9033331871032715
5	4.866333484649658
6	4.852931976318359
7	4.833984375
8	4.837907791137695
9	4.814795017242432
10	4.823298454284668
