step	mean_squared_error
0	391.75921630859375
1	45.205196380615234
2	42.36389923095703
3	40.70884323120117
4	39.835777282714844
5	39.731563568115234
6	39.128177642822266
7	39.160606384277344
8	38.9569206237793
9	38.71945571899414
10	38.78199768066406
