step	mean_absolute_percentage_error
0	98.25132751464844
1	98.24545288085938
2	98.2455062866211
3	98.2454833984375
4	98.24536895751953
5	98.24544525146484
6	98.2454833984375
7	98.24551391601562
8	98.24547576904297
9	98.2454833984375
10	98.24542999267578
