step	mean_absolute_percentage_error
0	82.16792297363281
1	18.50841522216797
2	10.199185371398926
3	10.001592636108398
4	9.801308631896973
5	9.630025863647461
6	9.535066604614258
7	9.343482971191406
8	9.215729713439941
9	9.212852478027344
10	9.051562309265137
11	8.944924354553223
12	8.921160697937012
13	8.809165000915527
14	8.755398750305176
