step	mean_absolute_percentage_error
0	34.16716003417969
1	10.470437049865723
2	10.123790740966797
3	9.904292106628418
4	9.790526390075684
5	9.577479362487793
6	9.488962173461914
7	9.41053295135498
8	9.297435760498047
9	9.26012134552002
10	9.194498062133789
