step	mean_absolute_error
0	57.01383972167969
1	57.01057815551758
2	57.010589599609375
3	57.0106201171875
4	57.01048278808594
5	57.01052474975586
6	57.010501861572266
7	57.010520935058594
8	57.010528564453125
9	57.0105094909668
10	57.01054763793945
