step	mean_absolute_error
0	11.756388664245605
1	5.270486354827881
2	5.081202030181885
3	4.951882362365723
4	4.9211745262146
5	4.876372814178467
6	4.8636794090271
7	4.8266072273254395
8	4.854604721069336
9	4.83107852935791
10	4.808528900146484
