step	mean_absolute_error
0	56.48176574707031
1	56.415771484375
2	56.412384033203125
3	56.41129684448242
4	56.410789489746094
5	56.41048049926758
6	56.41032791137695
7	56.4101448059082
8	56.410118103027344
9	56.41007995605469
10	56.40999984741211
11	56.40996551513672
12	56.40995407104492
13	56.40993118286133
14	56.4099235534668
15	56.40987777709961
16	56.409889221191406
17	56.409847259521484
