step	mean_absolute_percentage_error
0	98.3594741821289
1	98.2415771484375
2	98.23546600341797
3	98.23351287841797
4	98.2325210571289
5	98.23204040527344
6	98.23165893554688
7	98.23141479492188
8	98.23126983642578
9	98.231201171875
10	98.23110961914062
11	98.23103332519531
12	98.23101806640625
13	98.23097229003906
14	98.23094177246094
15	98.23088836669922
16	98.2308578491211
17	98.23089599609375
