step	mean_absolute_error
0	19.636526107788086
1	5.908228397369385
2	5.708765506744385
3	5.583960056304932
4	5.512790679931641
5	5.392581939697266
6	5.3385820388793945
7	5.294492244720459
8	5.231903553009033
9	5.2084879875183105
10	5.170863628387451
