step	mean_squared_error
0	742.9752807617188
1	54.722660064697266
2	50.46718215942383
3	47.906349182128906
4	46.5533447265625
5	45.999732971191406
6	44.76310348510742
7	44.29671096801758
8	43.278995513916016
9	43.00459671020508
10	42.62173843383789
