step	mean_absolute_error
0	18.534494400024414
1	5.843912124633789
2	5.58903169631958
3	5.433640956878662
4	5.358407974243164
5	5.319332122802734
6	5.226659297943115
7	5.20707368850708
8	5.147209644317627
9	5.120238304138184
10	5.101512432098389
