step	mean_squared_error
0	394.60772705078125
1	45.285404205322266
2	42.30824279785156
3	40.81416320800781
4	39.76749038696289
5	39.311092376708984
6	39.20299530029297
7	38.704341888427734
8	38.75761032104492
9	38.451900482177734
10	38.58827590942383
