step	mean_absolute_percentage_error
0	32.26670837402344
1	10.351056098937988
2	9.900562286376953
3	9.627963066101074
4	9.509209632873535
5	9.43073844909668
6	9.270421981811523
7	9.232584953308105
8	9.135808944702148
9	9.086200714111328
10	9.050763130187988
