step	mean_squared_error
0	3233.330810546875
1	3233.199951171875
2	3232.9287109375
3	3232.958251953125
4	3233.0
5	3232.73291015625
6	3233.046875
7	3233.072021484375
8	3232.8466796875
9	3233.42724609375
10	3233.016845703125
