step	mean_squared_error
0	392.92791748046875
1	45.313385009765625
2	42.312538146972656
3	40.39375305175781
4	40.03215789794922
5	39.33723449707031
6	39.21345901489258
7	38.74504089355469
8	39.21141052246094
9	38.60432052612305
10	38.370086669921875
