step	mean_squared_error
0	2399.14013671875
1	192.686767578125
2	54.07468795776367
3	52.159912109375
4	49.9512825012207
5	48.201133728027344
6	47.00891876220703
7	45.406158447265625
8	44.20209884643555
9	43.864437103271484
10	42.683040618896484
11	41.78116226196289
12	41.43677520751953
13	40.46381378173828
14	39.88003921508789
