step	mean_absolute_percentage_error
0	19.693862915039062
1	9.029919624328613
2	8.727334976196289
3	8.547255516052246
4	8.442585945129395
5	8.370342254638672
6	8.361714363098145
7	8.334809303283691
8	8.32993221282959
9	8.291622161865234
10	8.306358337402344
