step	mean_absolute_percentage_error
0	98.23365020751953
1	98.23086547851562
2	98.23081970214844
3	98.23077392578125
4	98.23078155517578
5	98.23072814941406
6	98.23080444335938
7	98.23078918457031
8	98.23078918457031
9	98.23089599609375
10	98.23080444335938
