step	r2_score
0	-62.594722747802734
1	-62.449119567871094
2	-62.44218063354492
3	-62.43830871582031
4	-62.44325637817383
5	-62.435028076171875
6	-62.43467330932617
7	-62.43362808227539
8	-62.443336486816406
9	-62.436012268066406
10	-62.436649322509766
11	-62.43732833862305
12	-62.43803405761719
13	-62.43190002441406
14	-62.44096374511719
15	-62.43527603149414
16	-62.43862533569336
17	-62.4337043762207
