step	r_squared
0	-43.003963470458984
1	-2.5291507244110107
2	0.02622685581445694
3	0.06521852314472198
4	0.10281839221715927
5	0.1358775794506073
6	0.15628239512443542
7	0.18738405406475067
8	0.2086658775806427
9	0.21285347640514374
10	0.23549585044384003
11	0.25346100330352783
12	0.2576959431171417
13	0.2742764949798584
14	0.28676024079322815
