step	r_squared
0	-16.308155059814453
1	-0.14273758232593536
2	-0.06453496962785721
3	-0.021989954635500908
4	0.010876310989260674
5	0.04338597506284714
6	0.07191064208745956
7	0.0852547436952591
8	0.10269736498594284
9	0.11379967629909515
10	0.1233121007680893
