step	r_squared
0	-7.222981929779053
1	0.06496213376522064
2	0.1260085254907608
3	0.15995953977108002
4	0.18216297030448914
5	0.1922196000814438
6	0.1972528100013733
7	0.20292088389396667
8	0.199357271194458
9	0.2096797227859497
10	0.20853720605373383
