step	r_squared
0	-1.1481428146362305
1	-0.020964279770851135
2	0.06388543546199799
3	0.0842641070485115
4	0.09180689603090286
5	0.09965607523918152
6	0.10556543618440628
7	0.10493969917297363
8	0.0985487625002861
9	0.10524969547986984
10	0.11401350796222687
11	0.11537022143602371
12	0.11981486529111862
13	0.11008786410093307
14	0.10848800092935562
15	0.12761107087135315
16	0.11472708731889725
17	0.12549835443496704
18	0.117424376308918
19	0.12507788836956024
20	0.12812882661819458
