step	r_squared
0	-7.380562782287598
1	0.06449049711227417
2	0.12913864850997925
3	0.1704152375459671
4	0.17627322673797607
5	0.1927153766155243
6	0.1946762502193451
7	0.20519687235355377
8	0.19329765439033508
9	0.20829127728939056
10	0.21396233141422272
