step	r_squared
0	-7.391387939453125
1	0.07055553048849106
2	0.13110141456127167
3	0.16254574060440063
4	0.18017548322677612
5	0.18595778942108154
6	0.19853481650352478
7	0.1936168372631073
8	0.20111168920993805
9	0.201564759016037
10	0.2025526911020279
