step	r_squared
0	-14.100576400756836
1	-0.12784087657928467
2	-0.042875126004219055
3	0.015132706612348557
4	0.03959612548351288
5	0.053425244987010956
6	0.07355833798646927
7	0.08491291850805283
8	0.1103767454624176
9	0.11631681025028229
10	0.12351443618535995
