step	root_mean_squared_error
0	27.257572174072266
1	7.397476673126221
2	7.1040263175964355
3	6.921441555023193
4	6.823000431060791
5	6.782310485839844
6	6.690523147583008
7	6.655577182769775
8	6.578677177429199
9	6.557788848876953
10	6.5285325050354
