step	root_mean_squared_error
0	56.86125564575195
1	56.859771728515625
2	56.859779357910156
3	56.85978317260742
4	56.85978317260742
5	56.85977554321289
6	56.85977554321289
7	56.85977554321289
8	56.85978317260742
9	56.85976791381836
10	56.85976028442383
