step	root_mean_squared_error
0	2.76611328125
1	1.9041951894760132
2	1.8241934776306152
3	1.805600881576538
4	1.7983907461166382
5	1.7859946489334106
6	1.7834235429763794
7	1.787148356437683
8	1.786409616470337
9	1.7856099605560303
10	1.7768446207046509
11	1.7730348110198975
12	1.7696537971496582
13	1.7825090885162354
14	1.779206395149231
15	1.7631584405899048
16	1.7741672992706299
17	1.7648035287857056
18	1.7707513570785522
19	1.7727001905441284
20	1.7613250017166138
