step	root_mean_squared_error
0	27.962148666381836
1	7.4542436599731445
2	7.179206848144531
3	7.024289131164551
4	6.940179347991943
5	6.788992404937744
6	6.7155303955078125
7	6.654312610626221
8	6.594027519226074
9	6.562307834625244
10	6.520718574523926
