step	root_mean_squared_error
0	19.864736557006836
1	6.729443550109863
2	6.504478454589844
3	6.388596534729004
4	6.30614709854126
5	6.269855976104736
6	6.261229991912842
7	6.2212815284729
8	6.225561141967773
9	6.2009596824646
10	6.2119460105896
