step	root_mean_squared_error
0	48.981021881103516
1	13.881165504455566
2	7.353549003601074
3	7.22218132019043
4	7.067622184753418
5	6.942704200744629
6	6.856305122375488
7	6.738409519195557
8	6.648466110229492
9	6.623023509979248
10	6.5332255363464355
11	6.463834762573242
12	6.437140464782715
13	6.361117362976074
14	6.315064430236816
