step	root_mean_squared_error
0	19.822410583496094
1	6.731522083282471
2	6.5048089027404785
3	6.355607986450195
4	6.327097415924072
5	6.271940231323242
6	6.262065410614014
7	6.224551677703857
8	6.26190185546875
9	6.213237285614014
10	6.194359302520752
