step	root_mean_squared_error
0	57.53093338012695
1	57.52777862548828
2	57.52775573730469
3	57.52775955200195
4	57.52773666381836
5	57.52775955200195
6	57.5277214050293
7	57.5277214050293
8	57.52771759033203
9	57.5277214050293
10	57.52775573730469
