step	root_mean_squared_error
0	19.79290771484375
1	6.72348165512085
2	6.508755683898926
3	6.380348205566406
4	6.311559200286865
5	6.303297519683838
6	6.255251884460449
7	6.257843494415283
8	6.24154806137085
9	6.2224955558776855
10	6.227519512176514
