step	root_mean_squared_error
0	56.93039321899414
1	56.86552047729492
2	56.86224365234375
3	56.86118698120117
4	56.860679626464844
5	56.86040115356445
6	56.8602409362793
7	56.860111236572266
8	56.86003875732422
9	56.859989166259766
10	56.85993576049805
11	56.85989761352539
12	56.8598747253418
13	56.85984802246094
14	56.859825134277344
15	56.859832763671875
16	56.859798431396484
17	56.859806060791016
