{
    "train": {
        "loss": 2.8714683055877686,
        "mean_absolute_error": 1.34816312789917,
        "mean_absolute_percentage_error": 23.484825134277344,
        "mean_squared_error": 2.8714683055877686,
        "root_mean_squared_error": 1.6945407390594482,
        "r_squared": 0.052338771522045135
    },
    "eval": {
        "loss": 4.3613505363464355,
        "mean_absolute_error": 1.6737031936645508,
        "mean_absolute_percentage_error": 38.71079635620117,
        "mean_squared_error": 4.3613505363464355,
        "root_mean_squared_error": 2.0883846282958984,
        "r_squared": -0.05920225754380226
    },
    "step": 10
}
