{
    "train": {
        "loss": 4.606419086456299,
        "mean_absolute_error": 4.606419086456299,
        "mean_absolute_percentage_error": 8.008942604064941,
        "mean_squared_error": 36.49753189086914,
        "root_mean_squared_error": 6.041318416595459,
        "r_squared": 0.2800664007663727
    },
    "eval": {
        "loss": 6.480515956878662,
        "mean_absolute_error": 6.480515956878662,
        "mean_absolute_percentage_error": 10.179337501525879,
        "mean_squared_error": 59.22020721435547,
        "root_mean_squared_error": 7.695466995239258,
        "r_squared": -1.2686022520065308
    },
    "step": 13
}
