{
    "train": {
        "loss": 3272.972900390625,
        "mean_absolute_error": 56.82088851928711,
        "mean_absolute_percentage_error": 98.24775695800781,
        "mean_squared_error": 3272.972900390625,
        "r2_score": -72.77626037597656,
        "root_mean_squared_error": 57.20989990234375
    },
    "eval": {
        "loss": 3089.844970703125,
        "mean_absolute_error": 55.08807373046875,
        "mean_absolute_percentage_error": 98.1852798461914,
        "mean_squared_error": 3089.844970703125,
        "r2_score": -55.02787399291992,
        "root_mean_squared_error": 55.58637237548828
    },
    "step": 10
}
