{
    "train": {
        "loss": 37.724605560302734,
        "mean_absolute_error": 4.873486518859863,
        "mean_absolute_percentage_error": 8.570090293884277,
        "mean_squared_error": 37.724605560302734,
        "root_mean_squared_error": 6.142035961151123,
        "r_squared": 0.086150623857975
    },
    "eval": {
        "loss": 53.69062042236328,
        "mean_absolute_error": 5.980687141418457,
        "mean_absolute_percentage_error": 11.234603881835938,
        "mean_squared_error": 53.69062042236328,
        "root_mean_squared_error": 7.327387809753418,
        "r_squared": 0.002631217474117875
    },
    "step": 10
}
