{
    "train": {
        "loss": 4.642219543457031,
        "mean_absolute_error": 4.6421380043029785,
        "mean_absolute_percentage_error": 8.066503524780273,
        "mean_squared_error": 36.952110290527344,
        "root_mean_squared_error": 6.078824996948242,
        "r_squared": 0.27186834812164307
    },
    "eval": {
        "loss": 6.5350542068481445,
        "mean_absolute_error": 6.539961814880371,
        "mean_absolute_percentage_error": 10.27849006652832,
        "mean_squared_error": 60.084896087646484,
        "root_mean_squared_error": 7.7514448165893555,
        "r_squared": -1.3570926189422607
    },
    "step": 10
}
