{
    "train": {
        "loss": 3429.8037109375,
        "mean_absolute_error": 58.0462532043457,
        "mean_absolute_percentage_error": 98.27542114257812,
        "mean_squared_error": 3429.8037109375,
        "root_mean_squared_error": 58.56452560424805,
        "custom_r_squared": -60.667396545410156
    },
    "eval": {
        "loss": 3150.02685546875,
        "mean_absolute_error": 55.73794174194336,
        "mean_absolute_percentage_error": 98.21563720703125,
        "mean_squared_error": 3150.02685546875,
        "root_mean_squared_error": 56.125099182128906,
        "custom_r_squared": -81.88243103027344
    },
    "step": 10
}
