{
    "train": {
        "loss": 789.7760009765625,
        "mean_absolute_error": 19.5892333984375,
        "mean_absolute_percentage_error": 33.844810485839844,
        "mean_squared_error": 789.7760009765625,
        "root_mean_squared_error": 28.102954864501953,
        "r_squared": -18.40353012084961
    },
    "eval": {
        "loss": 55.46394729614258,
        "mean_absolute_error": 5.889535903930664,
        "mean_absolute_percentage_error": 10.93921184539795,
        "mean_squared_error": 55.46394729614258,
        "root_mean_squared_error": 7.447412490844727,
        "r_squared": 0.006483764853328466
    },
    "step": 0
}
