{
    "train": {
        "loss": 32.897682189941406,
        "mean_absolute_error": 4.534389019012451,
        "mean_absolute_percentage_error": 7.953848838806152,
        "mean_squared_error": 32.897682189941406,
        "root_mean_squared_error": 5.735650539398193,
        "r_squared": 0.19900864362716675
    },
    "eval": {
        "loss": 59.83474349975586,
        "mean_absolute_error": 6.235685348510742,
        "mean_absolute_percentage_error": 11.4697265625,
        "mean_squared_error": 59.83474349975586,
        "root_mean_squared_error": 7.735291957855225,
        "r_squared": -0.09232209622859955
    },
    "step": 17
}
