{
    "train": {
        "loss": 4.828575134277344,
        "mean_absolute_error": 4.828575134277344,
        "mean_absolute_percentage_error": 8.488424301147461,
        "mean_squared_error": 37.922332763671875,
        "root_mean_squared_error": 6.158111572265625,
        "r_squared": 0.08311782777309418
    },
    "eval": {
        "loss": 5.6851935386657715,
        "mean_absolute_error": 5.6851935386657715,
        "mean_absolute_percentage_error": 10.575730323791504,
        "mean_squared_error": 50.813316345214844,
        "root_mean_squared_error": 7.128345966339111,
        "r_squared": 0.08584277331829071
    },
    "step": 10
}
