{
    "train": {
        "loss": 42.8746337890625,
        "mean_absolute_error": 5.196884632110596,
        "mean_absolute_percentage_error": 9.119083404541016,
        "mean_squared_error": 42.8746337890625,
        "root_mean_squared_error": 6.547872543334961,
        "r_squared": 0.2509303689002991
    },
    "eval": {
        "loss": 43.342735290527344,
        "mean_absolute_error": 5.247822284698486,
        "mean_absolute_percentage_error": 9.475468635559082,
        "mean_squared_error": 43.342735290527344,
        "root_mean_squared_error": 6.583520412445068,
        "r_squared": -0.1024601012468338
    },
    "step": 12
}
