{
    "test_loss": 3557.593505859375,
    "test_compile_metrics": 59.39583206176758
}
