{
    "test_loss": 49.124385833740234,
    "test_mean_absolute_error": 5.605531215667725,
    "test_mean_absolute_percentage_error": 9.081419944763184,
    "test_mean_squared_error": 49.124385833740234,
    "test_root_mean_squared_error": 7.008878707885742,
    "test_r_squared": -0.7531617879867554
}
