{
    "test_loss": 4.971859931945801,
    "test_mean_absolute_error": 4.971859931945801,
    "test_mean_absolute_percentage_error": 7.884191989898682,
    "test_mean_squared_error": 41.31928634643555,
    "test_root_mean_squared_error": 6.428008556365967,
    "test_r_squared": -0.4583682715892792
}
