{
    "test_loss": 18.132200241088867,
    "test_mean_absolute_error": 3.4479565620422363,
    "test_mean_absolute_percentage_error": 4.636226177215576,
    "test_mean_squared_error": 18.132200241088867,
    "test_root_mean_squared_error": 4.25819206237793,
    "test_r_squared": -7.0364089012146
}
