{
    "test_loss": 3557.573974609375,
    "test_compile_metrics": 59.395652770996094
}
