{
    "test_loss": 37.16347885131836,
    "test_mean_absolute_error": 4.793094635009766,
    "test_mean_absolute_percentage_error": 8.012256622314453,
    "test_mean_squared_error": 37.16347885131836,
    "test_root_mean_squared_error": 6.096185684204102,
    "test_r_squared": -0.23755182325839996
}
