{
    "test_loss": 3557.57470703125,
    "test_compile_metrics": 59.39323806762695
}
