{
    "test_loss": 5276.3935546875,
    "test_mean_absolute_error": 72.61591339111328,
    "test_mean_absolute_percentage_error": 98.02603912353516,
    "test_mean_squared_error": 5276.3935546875,
    "test_root_mean_squared_error": 72.63878631591797,
    "test_custom_r_squared": -2197.293701171875
}
