{
    "test_loss": 5421.755859375,
    "test_mean_absolute_error": 73.61001586914062,
    "test_mean_absolute_percentage_error": 99.08589935302734,
    "test_mean_squared_error": 5421.755859375,
    "test_root_mean_squared_error": 73.63257598876953,
    "test_custom_r_squared": -1992.453125
}
