{
    "test_loss": 3557.5732421875,
    "test_compile_metrics": 59.405948638916016
}
