step	custom_r_squared
0	-81.62411499023438
1	-81.90771484375
2	-80.88980865478516
3	-80.61161041259766
4	-81.67062377929688
5	-80.87210083007812
6	-81.47579193115234
7	-81.39404296875
8	-81.20414733886719
9	-80.7595443725586
10	-80.86600494384766
