step	loss
0	2.6345386505126953
1	2.7110605239868164
2	2.6448094844818115
3	2.6683170795440674
4	2.7172586917877197
5	2.7618277072906494
6	2.6275336742401123
7	2.628553628921509
8	2.5220320224761963
9	2.5103020668029785
10	2.6331512928009033
