step	loss
0	3277.15478515625
1	3277.149169921875
2	3277.146728515625
3	3277.1484375
4	3277.146240234375
5	3277.148193359375
6	3277.1474609375
7	3277.146728515625
8	3277.14794921875
9	3277.146240234375
10	3277.146728515625
