step	loss
0	5.108092308044434
1	5.024919509887695
2	4.739642143249512
3	4.832004070281982
4	5.258779525756836
5	4.659243106842041
6	4.852821350097656
7	4.560998916625977
8	4.713696002960205
9	4.6091461181640625
10	4.627142429351807
11	5.024255275726318
12	4.60508918762207
13	4.734277725219727
14	4.591440677642822
15	4.674799919128418
16	4.656187057495117
17	4.698836803436279
