step	loss
0	40.70161056518555
1	41.504356384277344
2	39.141727447509766
3	37.0203857421875
4	37.7603645324707
5	35.21903991699219
6	38.759376525878906
7	35.734310150146484
8	35.149906158447266
9	35.640438079833984
10	34.47487258911133
