step	loss
0	5.245044231414795
1	4.882664203643799
2	4.781529903411865
3	4.6767401695251465
4	5.366724491119385
5	4.472975730895996
6	4.723814010620117
7	4.720268726348877
8	4.841794967651367
9	4.832223892211914
10	5.090702533721924
11	4.680779933929443
12	4.618473529815674
13	4.534567832946777
