step	mean_absolute_error
0	5.012989044189453
1	5.187948226928711
2	4.990721702575684
3	5.06596040725708
4	4.8563151359558105
5	4.670477867126465
6	4.812333583831787
7	4.663190841674805
8	5.032453536987305
9	5.003306865692139
10	4.647939205169678
