step	mean_squared_error
0	40.48933792114258
1	38.1148681640625
2	34.66325378417969
3	35.45708465576172
4	40.799278259277344
5	33.29247283935547
6	35.16700744628906
7	31.8712100982666
8	33.563194274902344
9	32.026248931884766
10	32.2855339050293
11	37.19752502441406
12	32.30104446411133
13	33.76173782348633
14	32.072731018066406
15	32.938621520996094
16	32.69212341308594
17	32.917022705078125
