step	mean_absolute_error
0	55.57298278808594
1	55.56846237182617
2	55.56731033325195
3	55.56682205200195
4	55.566551208496094
5	55.566402435302734
6	55.566307067871094
7	55.56623077392578
8	55.56618118286133
9	55.56614685058594
10	55.566104888916016
