step	mean_squared_error
0	3131.631591796875
1	3131.13232421875
2	3131.00146484375
3	3130.9462890625
4	3130.91796875
5	3130.89892578125
6	3130.89013671875
7	3130.88134765625
8	3130.876220703125
9	3130.871826171875
10	3130.868896484375
