step	mean_absolute_percentage_error
0	9.242827415466309
1	8.527865409851074
2	8.389213562011719
3	8.159247398376465
4	9.667970657348633
5	7.687682151794434
6	8.319314002990723
7	8.33197021484375
8	8.600384712219238
9	8.587733268737793
10	9.103678703308105
11	8.261476516723633
12	8.145474433898926
13	7.894040107727051
