step	mean_absolute_error
0	56.85647201538086
1	56.85638427734375
2	56.85643005371094
3	56.85639953613281
4	56.85638427734375
5	56.85638427734375
6	56.856388092041016
7	56.85638427734375
8	56.85638427734375
9	56.85638427734375
10	56.85641098022461
