step	mean_absolute_error
0	5.018468856811523
1	5.047272205352783
2	4.89249324798584
3	4.796721458435059
4	4.8320441246032715
5	4.666708469390869
6	4.981114864349365
7	4.691308498382568
8	4.67015266418457
9	4.737549304962158
10	4.622555255889893
