step	mean_absolute_percentage_error
0	8.987181663513184
1	8.903985977172852
2	8.539458274841309
3	8.272292137145996
4	8.596529960632324
5	8.288448333740234
6	8.567526817321777
7	8.18424129486084
8	8.275931358337402
9	8.811662673950195
10	8.98759937286377
