step	mean_absolute_percentage_error
0	95.47054290771484
1	89.49662780761719
2	70.0503158569336
3	42.822166442871094
4	20.543840408325195
5	12.143505096435547
6	9.348369598388672
7	11.485045433044434
8	9.227046966552734
9	8.744900703430176
10	9.359517097473145
11	9.53177261352539
12	9.973182678222656
13	11.268474578857422
14	8.490334510803223
15	8.872040748596191
16	10.912632942199707
17	9.425017356872559
18	8.956426620483398
19	10.111346244812012
