step	mean_absolute_percentage_error
0	8.95058536529541
1	8.814437866210938
2	8.26106071472168
3	8.526508331298828
4	9.425436019897461
5	8.22868824005127
6	8.625554084777832
7	7.918940544128418
8	8.352531433105469
9	8.032419204711914
10	8.144661903381348
11	8.979147911071777
12	8.120394706726074
13	8.371732711791992
14	8.01054573059082
15	8.256609916687012
16	8.218854904174805
17	8.28367805480957
