step	mean_absolute_percentage_error
0	98.24952697753906
1	98.24945831298828
2	98.2494888305664
3	98.24942016601562
4	98.24951171875
5	98.2494888305664
6	98.24947357177734
7	98.24945068359375
8	98.24942016601562
9	98.24945068359375
10	98.24942016601562
