step	mean_absolute_percentage_error
0	8.633766174316406
1	9.212318420410156
2	8.868917465209961
3	9.021138191223145
4	8.632491111755371
5	8.196830749511719
6	8.5116605758667
7	8.242998123168945
8	8.99770450592041
9	8.91943359375
10	8.1080961227417
