step	mean_squared_error
0	787.4840087890625
1	41.422576904296875
2	43.031982421875
3	39.69020462036133
4	37.21757507324219
5	36.29461669921875
6	34.58564376831055
7	41.595088958740234
8	37.26233673095703
9	37.28086853027344
10	34.500728607177734
11	34.9030647277832
12	37.95798110961914
13	35.39681625366211
14	34.30851364135742
15	34.22880554199219
16	37.1222038269043
