step	mean_squared_error
0	39.2005615234375
1	40.35618209838867
2	37.47447204589844
3	38.007179260253906
4	35.72732162475586
5	33.068443298339844
6	34.544471740722656
7	32.823638916015625
8	37.275062561035156
9	36.86827850341797
10	32.31675338745117
