step	mean_absolute_percentage_error
0	98.22230529785156
1	98.21429443359375
2	98.21220397949219
3	98.21131134033203
4	98.21084594726562
5	98.21057891845703
6	98.21039581298828
7	98.21024322509766
8	98.21012878417969
9	98.2100830078125
10	98.21002960205078
