step	mean_absolute_error
0	53.39411544799805
1	50.0517578125
2	39.26392364501953
3	24.128782272338867
4	11.770294189453125
5	6.9828667640686035
6	5.188643932342529
7	6.197912216186523
8	5.046982288360596
9	4.874238967895508
10	5.144375324249268
11	5.2207417488098145
12	5.4271392822265625
13	6.062672138214111
14	4.777149677276611
15	4.897246360778809
16	5.891095161437988
17	5.19232702255249
18	4.956590175628662
19	5.4731879234313965
