step	mean_absolute_error
0	4.891639232635498
1	4.874692440032959
2	4.690732002258301
3	4.565403938293457
4	4.696961879730225
5	4.568282604217529
6	4.6632914543151855
7	4.4891581535339355
8	4.5360612869262695
9	4.766979694366455
10	4.856647968292236
