step	mean_squared_error
0	42.14144515991211
1	36.26170349121094
2	34.910709381103516
3	33.361446380615234
4	42.145565032958984
5	31.132579803466797
6	33.42391586303711
7	33.33694839477539
8	34.85332489013672
9	34.95091247558594
10	38.07252883911133
11	32.793697357177734
12	32.33331298828125
13	31.238168716430664
