step	mean_absolute_percentage_error
0	47.106231689453125
1	9.029390335083008
2	9.22916316986084
3	8.485106468200684
4	8.460509300231934
5	8.571507453918457
6	7.894164085388184
7	8.628077507019043
8	8.6083345413208
9	8.527389526367188
10	7.915629863739014
11	8.215888023376465
12	8.800700187683105
13	8.47901439666748
14	8.190844535827637
15	8.118428230285645
16	8.540179252624512
