step	mean_absolute_percentage_error
0	22.79057502746582
1	22.856555938720703
2	22.373363494873047
3	22.776023864746094
4	23.34563446044922
5	23.375152587890625
6	22.65787124633789
7	22.860158920288086
8	22.15204620361328
9	22.34946060180664
10	21.963022232055664
