step	mean_absolute_error
0	1.261064887046814
1	1.2661546468734741
2	1.2685277462005615
3	1.276679515838623
4	1.291892647743225
5	1.2894107103347778
6	1.2799851894378662
7	1.2617324590682983
8	1.2505760192871094
9	1.2399492263793945
10	1.2558767795562744
