step	mean_squared_error
0	38.805572509765625
1	38.361793518066406
2	35.81672286987305
3	34.069374084472656
4	35.98296356201172
5	34.81647872924805
6	35.26654815673828
7	33.030338287353516
8	33.453025817871094
9	36.04949951171875
10	37.02144241333008
