step	mean_absolute_error
0	27.41061782836914
1	5.157629013061523
2	5.207205772399902
3	4.906920909881592
4	4.830183029174805
5	4.844433307647705
6	4.553865909576416
7	5.054553508758545
8	4.889998435974121
9	4.878701686859131
10	4.58384895324707
11	4.699141502380371
12	4.955031394958496
13	4.802439212799072
14	4.654810905456543
15	4.6219048500061035
16	4.839681625366211
