step	mean_absolute_percentage_error
0	9.22609806060791
1	9.263277053833008
2	8.963679313659668
3	8.79479694366455
4	8.902892112731934
5	8.548614501953125
6	9.229153633117676
7	8.618265151977539
8	8.593729972839355
9	8.719634056091309
10	8.463144302368164
