step	mean_absolute_error
0	5.2407546043396
1	4.880817413330078
2	4.779359340667725
3	4.6743364334106445
4	5.375930309295654
5	4.473848342895508
6	4.7212982177734375
7	4.720095634460449
8	4.83994722366333
9	4.83111047744751
10	5.088640213012695
11	4.682207107543945
12	4.612978458404541
13	4.5276384353637695
