step	mean_squared_error
0	2878.848876953125
1	2535.7041015625
2	1575.850341796875
3	621.9982299804688
4	171.5846710205078
5	73.21646881103516
6	44.34245300292969
7	60.18986511230469
8	40.90406036376953
9	39.22744369506836
10	41.7972526550293
11	44.06547927856445
12	46.187679290771484
13	55.62482833862305
14	39.7078742980957
15	40.140228271484375
16	52.978668212890625
17	43.15401840209961
18	41.033084869384766
19	47.17243576049805
