step	r2_score
0	-71.36759185791016
1	-71.3570785522461
2	-71.35150909423828
3	-71.34921264648438
4	-71.3475341796875
5	-71.34964752197266
6	-71.34842681884766
7	-71.34567260742188
8	-71.34555053710938
9	-71.34748840332031
10	-71.34996795654297
