step	r_squared
0	-0.2735273838043213
1	-0.26990991830825806
2	-0.2625662386417389
3	-0.2719327509403229
4	-0.28551334142684937
5	-0.31970563530921936
6	-0.2685094475746155
7	-0.2337350994348526
8	-0.20621152222156525
9	-0.20702135562896729
10	-0.2945692837238312
