step	r_squared
0	-98.95380401611328
1	-86.21570587158203
2	-52.0806999206543
3	-19.98647117614746
4	-4.711169719696045
5	-1.4534345865249634
6	-0.46864229440689087
7	-1.0332317352294922
8	-0.3581183850765228
9	-0.2973756790161133
10	-0.36359500885009766
11	-0.48052844405174255
12	-0.5483323931694031
13	-0.8529695868492126
14	-0.2990178167819977
15	-0.30598339438438416
16	-0.8192031979560852
17	-0.40113431215286255
18	-0.3684094250202179
19	-0.6058034896850586
