step	r_squared
0	0.12804391980171204
1	0.09733767807483673
2	0.15913106501102448
3	0.15932750701904297
4	0.20990736782550812
5	0.27285677194595337
6	0.2339019775390625
7	0.27421125769615173
8	0.17526188492774963
9	0.17862671613693237
10	0.28599509596824646
