step	r_squared
0	-18.85996437072754
1	-0.013966498896479607
2	-0.05581998452544212
3	0.04286350682377815
4	0.091472327709198
5	0.11645952612161636
6	0.1638241857290268
7	0.0046433149836957455
8	0.09632105380296707
9	0.09965316206216812
10	0.17622089385986328
11	0.14957314729690552
12	0.07831808924674988
13	0.14478299021720886
14	0.16960018873214722
15	0.1733967661857605
16	0.0907859355211258
