step	r_squared
0	-0.36821916699409485
1	-0.3667682409286499
2	-0.27167776226997375
3	-0.21368837356567383
4	-0.22452415525913239
5	-0.14960916340351105
6	-0.264629989862442
7	-0.1852940171957016
8	-0.15501545369625092
9	-0.16069771349430084
10	-0.12633703649044037
