step	r_squared
0	0.06612763553857803
1	0.1946476250886917
2	0.2352980673313141
3	0.2578941881656647
4	0.057020653039216995
5	0.31487879157066345
6	0.2575402855873108
7	0.25667205452919006
8	0.22726616263389587
9	0.22426380217075348
10	0.13996072113513947
11	0.2711809575557709
12	0.29102328419685364
13	0.30990666151046753
