step	r_squared
0	-0.2940414547920227
1	-0.26500415802001953
2	-0.20739245414733887
3	-0.10470698773860931
4	-0.18445532023906708
5	-0.1390213817358017
6	-0.14931924641132355
7	-0.11770807951688766
8	-0.08244641870260239
9	-0.209962859749794
10	-0.1908935308456421
