step	r_squared
0	0.10382884740829468
1	0.15237854421138763
2	0.23126748204231262
3	0.2141646444797516
4	0.09117395430803299
5	0.26568737626075745
6	0.22700726985931396
7	0.29989883303642273
8	0.25368595123291016
9	0.29336974024772644
10	0.2816673815250397
11	0.17876103520393372
12	0.2848324775695801
13	0.24895891547203064
14	0.2887881398200989
15	0.27730488777160645
16	0.27538761496543884
17	0.2753949463367462
