step	root_mean_squared_error
0	28.062143325805664
1	6.436037540435791
2	6.559876918792725
3	6.300016403198242
4	6.100620746612549
5	6.024501800537109
6	5.880956172943115
7	6.449425220489502
8	6.104288578033447
9	6.105806350708008
10	5.873732566833496
11	5.907881736755371
12	6.161005020141602
13	5.949522495269775
14	5.85734748840332
15	5.850538730621338
16	6.092799186706543
