step	root_mean_squared_error
0	57.24644088745117
1	57.24639129638672
2	57.246368408203125
3	57.24637985229492
4	57.246360778808594
5	57.24637985229492
6	57.24637222290039
7	57.246368408203125
8	57.24637985229492
9	57.246360778808594
10	57.246368408203125
