step	root_mean_squared_error
0	6.491643905639648
1	6.021769046783447
2	5.908528804779053
3	5.775937080383301
4	6.491961479187012
5	5.579657554626465
6	5.781342506408691
7	5.773816108703613
8	5.903670310974121
9	5.911930084228516
10	6.170293807983398
11	5.726578712463379
12	5.686239242553711
13	5.589111804962158
