step	root_mean_squared_error
0	6.229412078857422
1	6.193689823150635
2	5.984707832336426
3	5.836897850036621
4	5.998579978942871
5	5.900549411773682
6	5.938564777374268
7	5.747202396392822
8	5.7838592529296875
9	6.004123687744141
10	6.084524631500244
