step	root_mean_squared_error
0	1.6231261491775513
1	1.6465299129486084
2	1.6262871026992798
3	1.6334984302520752
4	1.6484110355377197
5	1.661874771118164
6	1.620966911315918
7	1.6212815046310425
8	1.5880907773971558
9	1.5843932628631592
10	1.6226987838745117
