step	root_mean_squared_error
0	6.261035442352295
1	6.352651596069336
2	6.121640205383301
3	6.16499662399292
4	5.977233409881592
5	5.750516891479492
6	5.87745475769043
7	5.72919225692749
8	6.105330944061279
9	6.071925640106201
10	5.684782981872559
