step	root_mean_squared_error
0	6.363123416900635
1	6.1737236976623535
2	5.8875508308410645
3	5.954585075378418
4	6.387431621551514
5	5.769962787628174
6	5.930177211761475
7	5.6454596519470215
8	5.793375015258789
9	5.65917444229126
10	5.682036399841309
11	6.098977088928223
12	5.683401107788086
13	5.810485363006592
14	5.6632795333862305
15	5.739217758178711
16	5.717702865600586
17	5.737336158752441
