step	root_mean_squared_error
0	6.379781723022461
1	6.442387104034424
2	6.2563347816467285
3	6.084438323974609
4	6.144946098327637
5	5.934563159942627
6	6.225703239440918
7	5.977818489074707
8	5.928735256195068
9	5.969961643218994
10	5.871530532836914
