step	root_mean_squared_error
0	55.96098327636719
1	55.956520080566406
2	55.955352783203125
3	55.95486068725586
4	55.95460510253906
5	55.954437255859375
6	55.9543571472168
7	55.95427703857422
8	55.95423126220703
9	55.954193115234375
10	55.954166412353516
