step	root_mean_squared_error
0	53.654903411865234
1	50.35577392578125
2	39.696983337402344
3	24.93989372253418
4	13.09903335571289
5	8.556662559509277
6	6.659013271331787
7	7.758212566375732
8	6.395627975463867
9	6.263181686401367
10	6.4650797843933105
11	6.63818359375
12	6.796152114868164
13	7.458205223083496
14	6.301418304443359
15	6.335631370544434
16	7.278644561767578
17	6.56917142868042
18	6.405706882476807
19	6.868219375610352
