{
    "train": {
        "loss": 32.24181365966797,
        "mean_absolute_error": 4.490718364715576,
        "mean_absolute_percentage_error": 7.9178361892700195,
        "mean_squared_error": 32.24181365966797,
        "root_mean_squared_error": 5.678187847137451,
        "r_squared": 0.31177210807800293
    },
    "eval": {
        "loss": 47.17243576049805,
        "mean_absolute_error": 5.4731879234313965,
        "mean_absolute_percentage_error": 10.111346244812012,
        "mean_squared_error": 47.17243576049805,
        "root_mean_squared_error": 6.868219375610352,
        "r_squared": -0.6058034896850586
    },
    "step": 19
}
