{
    "train": {
        "loss": 793.8133544921875,
        "mean_absolute_error": 19.764055252075195,
        "mean_absolute_percentage_error": 34.166751861572266,
        "mean_squared_error": 793.8133544921875,
        "root_mean_squared_error": 28.174694061279297,
        "r_squared": -16.243745803833008
    },
    "eval": {
        "loss": 40.09661865234375,
        "mean_absolute_error": 4.979897975921631,
        "mean_absolute_percentage_error": 9.152634620666504,
        "mean_squared_error": 40.09661865234375,
        "root_mean_squared_error": 6.332189083099365,
        "r_squared": -0.3265197277069092
    },
    "step": 0
}
