{
    "train": {
        "loss": 41.41478729248047,
        "mean_absolute_error": 5.119115352630615,
        "mean_absolute_percentage_error": 9.069735527038574,
        "mean_squared_error": 41.41478729248047,
        "root_mean_squared_error": 6.435432434082031,
        "r_squared": 0.12330431491136551
    },
    "eval": {
        "loss": 34.47487258911133,
        "mean_absolute_error": 4.622555255889893,
        "mean_absolute_percentage_error": 8.463144302368164,
        "mean_squared_error": 34.47487258911133,
        "root_mean_squared_error": 5.871530532836914,
        "r_squared": -0.12633703649044037
    },
    "step": 10
}
