{
    "train": {
        "loss": 3262.735107421875,
        "mean_absolute_error": 56.701541900634766,
        "mean_absolute_percentage_error": 98.24150848388672,
        "mean_squared_error": 3262.735107421875,
        "r2_score": -67.43934631347656,
        "root_mean_squared_error": 57.120357513427734
    },
    "eval": {
        "loss": 3130.868896484375,
        "mean_absolute_error": 55.566104888916016,
        "mean_absolute_percentage_error": 98.21002960205078,
        "mean_squared_error": 3130.868896484375,
        "r2_score": -71.34996795654297,
        "root_mean_squared_error": 55.954166412353516
    },
    "step": 10
}
