{
    "train": {
        "loss": 4.9048051834106445,
        "mean_absolute_error": 4.9048051834106445,
        "mean_absolute_percentage_error": 8.492217063903809,
        "mean_squared_error": 40.30292892456055,
        "root_mean_squared_error": 6.348459243774414,
        "r_squared": 0.19881047308444977
    },
    "eval": {
        "loss": 4.647939205169678,
        "mean_absolute_error": 4.647939205169678,
        "mean_absolute_percentage_error": 8.1080961227417,
        "mean_squared_error": 32.31675338745117,
        "root_mean_squared_error": 5.684782981872559,
        "r_squared": 0.28599509596824646
    },
    "step": 10
}
