{
    "train": {
        "loss": 3.2150561809539795,
        "mean_absolute_error": 1.4469579458236694,
        "mean_absolute_percentage_error": 26.50016212463379,
        "mean_squared_error": 3.2150561809539795,
        "root_mean_squared_error": 1.7930576801300049,
        "r_squared": 0.10566725581884384
    },
    "eval": {
        "loss": 2.6331512928009033,
        "mean_absolute_error": 1.2558767795562744,
        "mean_absolute_percentage_error": 21.963022232055664,
        "mean_squared_error": 2.6331512928009033,
        "root_mean_squared_error": 1.6226987838745117,
        "r_squared": -0.2945692837238312
    },
    "step": 10
}
