{
    "train": {
        "loss": 41.29840087890625,
        "mean_absolute_error": 5.122036457061768,
        "mean_absolute_percentage_error": 8.994670867919922,
        "mean_squared_error": 41.29840087890625,
        "root_mean_squared_error": 6.4263834953308105,
        "r_squared": 0.2873579263687134
    },
    "eval": {
        "loss": 37.1222038269043,
        "mean_absolute_error": 4.839681625366211,
        "mean_absolute_percentage_error": 8.540179252624512,
        "mean_squared_error": 37.1222038269043,
        "root_mean_squared_error": 6.092799186706543,
        "r_squared": 0.0907859355211258
    },
    "step": 16
}
