{
    "train": {
        "loss": 3262.72314453125,
        "mean_absolute_error": 56.70138931274414,
        "mean_absolute_percentage_error": 98.2412338256836,
        "mean_squared_error": 3262.72314453125,
        "r2_score": -67.43821716308594,
        "root_mean_squared_error": 57.1202507019043
    },
    "eval": {
        "loss": 3130.8583984375,
        "mean_absolute_error": 55.5660285949707,
        "mean_absolute_percentage_error": 98.20985412597656,
        "mean_squared_error": 3130.8583984375,
        "r2_score": -71.3502426147461,
        "root_mean_squared_error": 55.95407485961914
    },
    "step": 36
}
