{
    "train": {
        "loss": 4.850793838500977,
        "mean_absolute_error": 4.850793838500977,
        "mean_absolute_percentage_error": 8.400358200073242,
        "mean_squared_error": 39.585235595703125,
        "root_mean_squared_error": 6.291679859161377,
        "r_squared": 0.2168480008840561
    },
    "eval": {
        "loss": 4.698836803436279,
        "mean_absolute_error": 4.698836803436279,
        "mean_absolute_percentage_error": 8.28367805480957,
        "mean_squared_error": 32.917022705078125,
        "root_mean_squared_error": 5.737336158752441,
        "r_squared": 0.2753949463367462
    },
    "step": 17
}
