{
    "train": {
        "loss": 5.102173805236816,
        "mean_absolute_error": 5.102173805236816,
        "mean_absolute_percentage_error": 9.042122840881348,
        "mean_squared_error": 42.108848571777344,
        "root_mean_squared_error": 6.489133358001709,
        "r_squared": 0.10839944332838058
    },
    "eval": {
        "loss": 4.856647968292236,
        "mean_absolute_error": 4.856647968292236,
        "mean_absolute_percentage_error": 8.98759937286377,
        "mean_squared_error": 37.02144241333008,
        "root_mean_squared_error": 6.084524631500244,
        "r_squared": -0.1908935308456421
    },
    "step": 10
}
