{
    "train": {
        "loss": 4.891219615936279,
        "mean_absolute_error": 4.891105651855469,
        "mean_absolute_percentage_error": 8.46642017364502,
        "mean_squared_error": 40.2365837097168,
        "root_mean_squared_error": 6.343231201171875,
        "r_squared": 0.20021457970142365
    },
    "eval": {
        "loss": 4.534567832946777,
        "mean_absolute_error": 4.5276384353637695,
        "mean_absolute_percentage_error": 7.894040107727051,
        "mean_squared_error": 31.238168716430664,
        "root_mean_squared_error": 5.589111804962158,
        "r_squared": 0.30990666151046753
    },
    "step": 13
}
