{
    "train": {
        "loss": 3398.030517578125,
        "mean_absolute_error": 57.766666412353516,
        "mean_absolute_percentage_error": 98.26691436767578,
        "mean_squared_error": 3398.030517578125,
        "root_mean_squared_error": 58.29262924194336,
        "custom_r_squared": -59.22980499267578
    },
    "eval": {
        "loss": 3277.146728515625,
        "mean_absolute_error": 56.85641098022461,
        "mean_absolute_percentage_error": 98.24942016601562,
        "mean_squared_error": 3277.146728515625,
        "root_mean_squared_error": 57.246368408203125,
        "custom_r_squared": -80.86600494384766
    },
    "step": 10
}
