step	custom_r_squared
0	-2144.28466796875
1	-2175.8330078125
2	-2210.19970703125
3	-2168.535888671875
4	-2172.472900390625
5	-2082.891845703125
6	-2378.55810546875
7	-2094.426513671875
8	-2321.490234375
9	-2165.21337890625
