step	custom_r_squared
0	-2067.94189453125
1	-2008.5931396484375
2	-2080.931396484375
3	-2146.719970703125
4	-2213.064208984375
5	-2024.2298583984375
6	-2188.250732421875
7	-2174.93115234375
8	-2041.3511962890625
9	-2174.581787109375
