step	custom_r_squared
0	-2032.1279296875
1	-2145.1279296875
2	-2381.485595703125
3	-2242.52392578125
4	-2243.7275390625
5	-2113.00244140625
6	-2037.078125
7	-2126.069091796875
8	-2348.938720703125
9	-2177.0458984375
10	-2211.251953125
