step	custom_r_squared
0	-4023.728515625
1	-1979.859619140625
2	-5602121216.0
3	-3010.3369140625
4	-2118.158203125
5	-1999.533447265625
6	-1992.9908447265625
7	-3382.96630859375
8	-2279.169921875
9	-4050.77978515625
