step	loss
0	5.526364326477051
1	5.248934268951416
2	5.129181385040283
3	5.044508934020996
4	5.010829448699951
5	4.986149787902832
6	5.000093936920166
7	5.0125579833984375
8	5.009376049041748
9	4.98529577255249
10	4.949858665466309
