step	loss
0	5429.7763671875
1	5397.41259765625
2	5389.58154296875
3	5380.31591796875
4	5369.20458984375
5	5366.9443359375
6	5354.37353515625
7	5331.0859375
8	5329.25439453125
9	5284.69189453125
