step	loss
0	5.2982497215271
1	5.03715705871582
2	5.024026393890381
3	4.891915798187256
4	4.844038009643555
5	4.959901809692383
6	4.8288960456848145
7	4.868503093719482
8	4.828582286834717
9	4.835867404937744
10	4.7955193519592285
