step	loss
0	5.2882819175720215
1	5.083056449890137
2	4.97235631942749
3	4.901829242706299
4	4.851624965667725
5	4.901547431945801
6	4.887775421142578
7	4.838464260101318
8	4.873919486999512
9	4.8322978019714355
10	4.88417387008667
