step	loss
0	5.288835048675537
1	5.009496688842773
2	4.912221908569336
3	4.82437801361084
4	4.762826919555664
5	4.748828411102295
6	4.723339080810547
7	4.7913007736206055
8	4.725786209106445
9	4.716775417327881
10	4.707490921020508
11	4.691751480102539
12	4.7188849449157715
13	4.691558361053467
14	4.766502380371094
15	4.698923110961914
16	4.668633460998535
