step	loss
0	5339.1943359375
1	5339.19384765625
2	5339.19482421875
3	5339.1943359375
4	5339.19384765625
5	5339.1943359375
6	5339.1943359375
7	5339.19384765625
8	5339.1943359375
9	5339.1943359375
10	5339.1943359375
