step	mean_squared_error
0	5459.248046875
1	5421.78125
2	5400.8740234375
3	5383.91259765625
4	5379.05859375
5	5380.85400390625
6	5380.02001953125
7	5377.93701171875
8	5375.2685546875
9	5361.97265625
