step	mean_absolute_percentage_error
0	98.64892578125
1	98.64892578125
2	98.64892578125
3	98.64892578125
4	98.64892578125
5	98.64893341064453
6	98.64892578125
7	98.64892578125
8	98.64892578125
9	98.64892578125
10	98.64893341064453
