step	mean_absolute_error
0	5.2996392250061035
1	5.033023834228516
2	5.021392822265625
3	4.893537521362305
4	4.8446245193481445
5	4.958454132080078
6	4.834405899047852
7	4.875059604644775
8	4.833754539489746
9	4.831184387207031
10	4.795256614685059
