step	mean_absolute_percentage_error
0	99.77304077148438
1	99.42891693115234
2	99.23624420166016
3	99.07975769042969
4	99.03485107421875
5	99.05168914794922
6	99.04412078857422
7	99.02490234375
8	99.00043487548828
9	98.87794494628906
