step	mean_absolute_percentage_error
0	9.16132640838623
1	8.678975105285645
2	8.395414352416992
3	8.33910083770752
4	8.22994327545166
5	8.210400581359863
6	8.157349586486816
7	8.120386123657227
8	8.200862884521484
9	8.112963676452637
10	8.072892189025879
11	8.14371395111084
12	8.232940673828125
13	8.078983306884766
14	8.105936050415039
15	8.196294784545898
16	8.029618263244629
