step	mean_squared_error
0	5339.197265625
1	5339.1943359375
2	5339.19384765625
3	5339.1943359375
4	5339.19384765625
5	5339.19384765625
6	5339.19482421875
7	5339.19482421875
8	5339.1943359375
9	5339.1943359375
