step	mean_squared_error
0	45.46562957763672
1	41.830963134765625
2	39.82082748413086
3	39.147274017333984
4	38.008155822753906
5	38.52145767211914
6	38.691184997558594
7	37.78071975708008
8	38.27057647705078
9	37.94186019897461
10	38.35664367675781
