step	mean_absolute_percentage_error
0	9.245473861694336
1	8.72890567779541
2	8.590621948242188
3	8.561856269836426
4	8.407074928283691
5	8.78626537322998
6	8.422568321228027
7	8.574216842651367
8	8.352413177490234
9	8.332396507263184
10	8.338497161865234
