step	mean_absolute_error
0	73.05160522460938
1	73.05157470703125
2	73.05157470703125
3	73.05157470703125
4	73.05157470703125
5	73.05157470703125
6	73.05158233642578
7	73.05157470703125
8	73.05158233642578
9	73.05158233642578
