step	mean_absolute_error
0	5.288163661956787
1	5.011720180511475
2	4.9115729331970215
3	4.8234028816223145
4	4.760645389556885
5	4.749653339385986
6	4.726070404052734
7	4.78731632232666
8	4.726859092712402
9	4.715975284576416
10	4.7075581550598145
11	4.697329044342041
12	4.7154951095581055
13	4.689450263977051
14	4.771336078643799
15	4.702149868011475
16	4.669408321380615
