step	mean_absolute_error
0	73.8658218383789
1	73.61134338378906
2	73.46882629394531
3	73.35301971435547
4	73.31974029541016
5	73.33201599121094
6	73.32636260986328
7	73.31201171875
8	73.29373168945312
9	73.20286560058594
