step	mean_absolute_error
0	73.66277313232422
1	73.44243621826172
2	73.38920593261719
3	73.32596588134766
4	73.2496566772461
5	73.23407745361328
6	73.14807891845703
7	72.98880004882812
8	72.97583770751953
9	72.6692886352539
