step	mean_absolute_error
0	73.05158233642578
1	73.05158233642578
2	73.05157470703125
3	73.05158233642578
4	73.05158233642578
5	73.05157470703125
6	73.05157470703125
7	73.05157470703125
8	73.05158233642578
9	73.05158233642578
10	73.05157470703125
