step	mean_squared_error
0	46.06523513793945
1	41.56694412231445
2	39.55834197998047
3	38.31765365600586
4	37.68735122680664
5	37.21171569824219
6	36.884315490722656
7	37.63663864135742
8	36.71933364868164
9	36.60498809814453
10	36.66108703613281
11	36.8114013671875
12	36.93452453613281
13	35.96780776977539
14	37.313575744628906
15	36.64063262939453
16	36.151424407958984
