step	mean_absolute_error
0	5.526229381561279
1	5.249067783355713
2	5.128920555114746
3	5.044774055480957
4	5.010549545288086
5	4.98618745803833
6	5.000280857086182
7	5.012269973754883
8	5.008939743041992
9	4.985476493835449
10	4.949516773223877
