step	mean_squared_error
0	49.67737579345703
1	45.17504119873047
2	42.99910354614258
3	42.37687301635742
4	42.096553802490234
5	41.157958984375
6	41.97906494140625
7	41.214561462402344
8	41.6916389465332
9	40.75408172607422
10	40.540489196777344
