step	mean_squared_error
0	45.414894104003906
1	41.35201644897461
2	40.79132843017578
3	38.942378997802734
4	37.9609260559082
5	39.807376861572266
6	37.67811965942383
7	38.45237350463867
8	37.62407302856445
9	37.46289825439453
10	37.18590545654297
