step	mean_absolute_percentage_error
0	9.170267105102539
1	8.743983268737793
2	8.620165824890137
3	8.541694641113281
4	8.41932201385498
5	8.473129272460938
6	8.593056678771973
7	8.356398582458496
8	8.571667671203613
9	8.339598655700684
10	8.521780014038086
