step	mean_absolute_error
0	5.273391246795654
1	5.082746505737305
2	4.977296829223633
3	4.906515598297119
4	4.846607208251953
5	4.902272701263428
6	4.8846354484558105
7	4.838862419128418
8	4.878398895263672
9	4.827299118041992
10	4.880483150482178
