step	mean_absolute_percentage_error
0	9.432973861694336
1	9.070112228393555
2	8.856310844421387
3	8.803937911987305
4	8.759654998779297
5	8.659626960754395
6	8.792704582214355
7	8.616830825805664
8	8.824712753295898
9	8.607938766479492
10	8.59155559539795
