step	mean_absolute_percentage_error
0	99.51319885253906
1	99.21561431884766
2	99.14409637451172
3	99.05883026123047
4	98.9557113647461
5	98.93494415283203
6	98.81908416748047
7	98.60436248779297
8	98.58724975585938
9	98.17247772216797
