step	r_squared
0	0.13808314502239227
1	0.21131908893585205
2	0.2247820645570755
3	0.2695561945438385
4	0.2763289213180542
5	0.24532119929790497
6	0.28088146448135376
7	0.2676866948604584
8	0.28077012300491333
9	0.2872879207134247
10	0.2824399471282959
