step	r_squared
0	0.07153859734535217
1	0.1600220650434494
2	0.19343404471874237
3	0.22479069232940674
4	0.235244482755661
5	0.24874594807624817
6	0.25195783376693726
7	0.24504950642585754
8	0.2652144730091095
9	0.2608117461204529
10	0.2597224712371826
11	0.25492918491363525
12	0.25901076197624207
13	0.2751923203468323
14	0.24254709482192993
15	0.25802484154701233
16	0.2654722332954407
