step	r_squared
0	0.0539054311811924
1	0.14676785469055176
2	0.1922534853219986
3	0.20367880165576935
4	0.21252913773059845
5	0.2238975465297699
6	0.21605882048606873
7	0.22127804160118103
8	0.21692118048667908
9	0.2264082282781601
10	0.23339976370334625
