step	r_squared
0	0.14271703362464905
1	0.19503146409988403
2	0.23475423455238342
3	0.2607507109642029
4	0.2749325633049011
5	0.2674447000026703
6	0.2664340138435364
7	0.28503838181495667
8	0.27245864272117615
9	0.2766200304031372
10	0.2677708864212036
