step	root_mean_squared_error
0	6.787137985229492
1	6.4472432136535645
2	6.289541721343994
3	6.190125465393066
4	6.139002799987793
5	6.10014009475708
6	6.073246002197266
7	6.134870529174805
8	6.059648036956787
9	6.050205707550049
10	6.054839611053467
11	6.067240238189697
12	6.077378273010254
13	5.997316360473633
14	6.108484268188477
15	6.053150653839111
16	6.0126051902771
