step	root_mean_squared_error
0	6.739057540893555
1	6.430553436279297
2	6.3868088722229
3	6.240383148193359
4	6.1612443923950195
5	6.309309005737305
6	6.138250350952148
7	6.200997829437256
8	6.133846759796143
9	6.120695114135742
10	6.098024368286133
