step	root_mean_squared_error
0	73.06979370117188
1	73.06978607177734
2	73.06979370117188
3	73.06979370117188
4	73.06978607177734
5	73.06979370117188
6	73.06979370117188
7	73.06978607177734
8	73.06979370117188
9	73.06979370117188
10	73.06979370117188
