step	root_mean_squared_error
0	73.88672637939453
1	73.63274383544922
2	73.49063873291016
3	73.37515258789062
4	73.3420639038086
5	73.35430145263672
6	73.34861755371094
7	73.33441925048828
8	73.31622314453125
9	73.22549438476562
