step	root_mean_squared_error
0	73.68701934814453
1	73.46708679199219
2	73.41377258300781
3	73.35063934326172
4	73.27485656738281
5	73.25942993164062
6	73.173583984375
7	73.0142822265625
8	73.00173950195312
9	72.69588470458984
