step	root_mean_squared_error
0	7.0482177734375
1	6.721238613128662
2	6.557370662689209
3	6.50975227355957
4	6.488185882568359
5	6.415446758270264
6	6.479125499725342
7	6.419857025146484
8	6.456905841827393
9	6.38389253616333
10	6.3671417236328125
