step	root_mean_squared_error
0	6.7428202629089355
1	6.467686176300049
2	6.3103742599487305
3	6.256778240203857
4	6.165075778961182
5	6.206565856933594
6	6.220223903656006
7	6.146602630615234
8	6.18632173538208
9	6.159696578979492
10	6.19327449798584
