step	loss
0	3273.111328125
1	3272.955322265625
2	3272.95556640625
3	3272.95703125
4	3272.955322265625
5	3272.955810546875
6	3272.95751953125
7	3272.95654296875
8	3272.95751953125
9	3272.956787109375
10	3272.95654296875
