step	loss
0	11.466604232788086
1	5.0928730964660645
2	4.912881374359131
3	4.793404579162598
4	4.7479963302612305
5	4.697305679321289
6	4.709291458129883
7	4.662991046905518
8	4.6573262214660645
9	4.638185977935791
10	4.642219543457031
