step	loss
0	11.459681510925293
1	5.078561782836914
2	4.871366500854492
3	4.79696798324585
4	4.708064556121826
5	4.692663669586182
6	4.6673583984375
7	4.642784118652344
8	4.666837692260742
9	4.6388092041015625
10	4.605522155761719
11	4.610028266906738
12	4.626021862030029
13	4.612260818481445
14	4.611188888549805
15	4.614033222198486
16	4.612263202667236
17	4.6170220375061035
18	4.610034942626953
19	4.609485626220703
