step	loss
0	3280.656982421875
1	3273.533447265625
2	3273.20849609375
3	3273.102783203125
4	3273.051025390625
5	3273.0224609375
6	3273.005126953125
7	3272.992919921875
8	3272.9833984375
9	3272.977294921875
10	3272.972900390625
