step	loss
0	7.768575668334961
1	3.2801337242126465
2	3.0240318775177
3	2.946091890335083
4	2.904658794403076
5	2.8611788749694824
6	2.896300792694092
7	2.886943817138672
8	2.8713021278381348
9	2.87671160697937
10	2.8714683055877686
