step	loss
0	799.7071533203125
1	51.4727897644043
2	46.47824478149414
3	44.4442138671875
4	42.543277740478516
5	41.5451545715332
6	40.10683059692383
7	39.6114387512207
8	38.546817779541016
9	37.96849822998047
10	37.724605560302734
