step	mean_absolute_error
0	11.465764045715332
1	5.092900276184082
2	4.912953853607178
3	4.793368816375732
4	4.748035430908203
5	4.69729471206665
6	4.709280490875244
7	4.662918567657471
8	4.657398223876953
9	4.638188362121582
10	4.6421380043029785
