step	mean_squared_error
0	3270.04296875
1	2881.906494140625
2	2115.919189453125
3	1173.9149169921875
4	461.8144836425781
5	136.17030334472656
6	54.237022399902344
7	41.873634338378906
8	41.401756286621094
9	40.00188446044922
10	38.29496765136719
11	37.338809967041016
12	36.8259162902832
13	35.676361083984375
14	35.2762336730957
15	34.57228469848633
16	32.91667556762695
17	32.897682189941406
