step	mean_absolute_percentage_error
0	33.464500427246094
1	24.88188362121582
2	24.113752365112305
3	23.758934020996094
4	23.651756286621094
5	23.427812576293945
6	23.592041015625
7	23.528104782104492
8	23.475372314453125
9	23.545114517211914
10	23.484825134277344
