step	mean_absolute_percentage_error
0	98.5183334350586
1	92.42919158935547
2	78.80078125
3	57.73545455932617
4	34.59174346923828
5	16.662246704101562
6	9.94027042388916
7	8.935145378112793
8	8.904070854187012
9	8.829111099243164
10	8.597784042358398
11	8.473799705505371
12	8.430551528930664
13	8.320588111877441
14	8.286280632019043
15	8.177699089050293
16	7.981250762939453
17	7.953848838806152
