step	mean_absolute_percentage_error
0	98.36565399169922
1	98.25650787353516
2	98.2514419555664
3	98.24976348876953
4	98.24896240234375
5	98.24854278564453
6	98.24821472167969
7	98.24810791015625
8	98.24786376953125
9	98.24785614013672
10	98.24775695800781
