step	mean_absolute_error
0	56.844146728515625
1	53.321075439453125
2	45.507991790771484
3	33.47679138183594
4	20.241514205932617
5	9.92655086517334
6	5.854720592498779
7	5.142180442810059
8	5.090032577514648
9	5.029781341552734
10	4.903420448303223
11	4.830905437469482
12	4.804333209991455
13	4.751662731170654
14	4.723459720611572
15	4.657834053039551
16	4.5486907958984375
17	4.534389019012451
