step	mean_squared_error
0	3430.1435546875
1	3429.810302734375
2	3429.807861328125
3	3429.806884765625
4	3429.806640625
5	3429.803466796875
6	3429.804931640625
7	3429.80810546875
8	3429.805419921875
9	3429.8056640625
10	3429.8037109375
