step	mean_squared_error
0	380.8924560546875
1	43.30148696899414
2	40.60099792480469
3	39.065216064453125
4	38.29549789428711
5	37.74018859863281
6	37.536888122558594
7	37.27769470214844
8	37.08316421508789
9	36.83396530151367
10	36.952110290527344
