step	mean_squared_error
0	2504.6953125
1	208.7827911376953
2	57.01858139038086
3	54.027587890625
4	51.95573806762695
5	50.257537841796875
6	48.74654006958008
7	47.92845153808594
8	46.40242385864258
9	45.714351654052734
10	44.58001708984375
11	43.74129104614258
12	42.8746337890625
