step	mean_absolute_percentage_error
0	82.50827026367188
1	19.07322883605957
2	10.49638557434082
3	10.229973793029785
4	10.027381896972656
5	9.86516284942627
6	9.722481727600098
7	9.659268379211426
8	9.497692108154297
9	9.419477462768555
10	9.299707412719727
11	9.216276168823242
12	9.119083404541016
