step	mean_absolute_percentage_error
0	98.28050994873047
1	98.27558135986328
2	98.2753677368164
3	98.2753677368164
4	98.27535247802734
5	98.27542877197266
6	98.27538299560547
7	98.27530670166016
8	98.27554321289062
9	98.2755126953125
10	98.27542114257812
