step	mean_absolute_percentage_error
0	19.525636672973633
1	8.826386451721191
2	8.525983810424805
3	8.320855140686035
4	8.253002166748047
5	8.172903060913086
6	8.184311866760254
7	8.113123893737793
8	8.095246315002441
9	8.061566352844238
10	8.066503524780273
