step	mean_absolute_error
0	2.0819637775421143
1	1.4429799318313599
2	1.3876999616622925
3	1.3621106147766113
4	1.356339693069458
5	1.3410263061523438
6	1.3534191846847534
7	1.3479427099227905
8	1.3439298868179321
9	1.3466901779174805
10	1.34816312789917
