step	mean_absolute_error
0	48.6679573059082
1	11.438126564025879
2	6.0082621574401855
3	5.845652103424072
4	5.728780746459961
5	5.632472038269043
6	5.547032356262207
7	5.508073806762695
8	5.41356897354126
9	5.365380764007568
10	5.300992488861084
11	5.249903678894043
12	5.196884632110596
