step	mean_absolute_percentage_error
0	98.24987030029297
1	98.24734497070312
2	98.24765014648438
3	98.24747467041016
4	98.24749755859375
5	98.24754333496094
6	98.2474365234375
7	98.24765014648438
8	98.24755859375
9	98.2475814819336
10	98.24752044677734
