step	mean_absolute_percentage_error
0	31.90447998046875
1	9.725068092346191
2	9.359047889709473
3	9.116347312927246
4	8.909887313842773
5	8.775174140930176
6	8.670624732971191
7	8.606188774108887
8	8.611311912536621
9	8.551020622253418
10	8.488424301147461
