step	mean_absolute_percentage_error
0	34.20710754394531
1	10.03593635559082
2	9.497448921203613
3	9.278950691223145
4	9.122164726257324
5	8.988327026367188
6	8.817136764526367
7	8.755833625793457
8	8.658734321594238
9	8.60616683959961
10	8.570090293884277
