step	mean_squared_error
0	382.80517578125
1	43.09709167480469
2	40.230289459228516
3	39.092620849609375
4	37.856727600097656
5	37.541439056396484
6	37.11350631713867
7	36.81553649902344
8	37.387107849121094
9	36.90793228149414
10	36.41704559326172
11	36.47506332397461
12	36.64087677001953
13	36.44611740112305
14	36.44207000732422
15	36.52320861816406
16	36.47721862792969
17	36.48446273803711
18	36.402976989746094
19	36.38656234741211
