step	mean_absolute_error
0	56.88824462890625
1	56.825828552246094
2	56.822940826416016
3	56.822021484375
4	56.821556091308594
5	56.82130813598633
6	56.821170806884766
7	56.8210563659668
8	56.82094192504883
9	56.82090377807617
10	56.82088851928711
