step	mean_absolute_percentage_error
0	19.493093490600586
1	8.810449600219727
2	8.456771850585938
3	8.325298309326172
4	8.181807518005371
5	8.156404495239258
6	8.112388610839844
7	8.063393592834473
8	8.114022254943848
9	8.06179141998291
10	8.00307559967041
11	8.010480880737305
12	8.039143562316895
13	8.011856079101562
14	8.014840126037598
15	8.021720886230469
16	8.01981258392334
17	8.03101921081543
18	8.013444900512695
19	8.008049011230469
