step	mean_absolute_percentage_error
0	19.57859992980957
1	8.850142478942871
2	8.48011302947998
3	8.316276550292969
4	8.225763320922852
5	8.168615341186523
6	8.120304107666016
7	8.09471321105957
8	8.07796859741211
9	8.04399585723877
10	8.059237480163574
11	8.040555000305176
12	8.078969955444336
13	8.008942604064941
