step	mean_absolute_error
0	18.395782470703125
1	5.541302680969238
2	5.336185455322266
3	5.189066410064697
4	5.063973426818848
5	4.9870076179504395
6	4.936332702636719
7	4.895567417144775
8	4.894997596740723
9	4.863992214202881
10	4.828575134277344
