step	mean_squared_error
0	739.6431884765625
1	49.49047088623047
2	45.925601959228516
3	43.339290618896484
4	41.80148696899414
5	40.547794342041016
6	39.63152313232422
7	39.071903228759766
8	39.044185638427734
9	38.618568420410156
10	37.922332763671875
