step	mean_absolute_error
0	56.82231903076172
1	56.817222595214844
2	56.82381057739258
3	56.820613861083984
4	56.82085418701172
5	56.821990966796875
6	56.81929016113281
7	56.825172424316406
8	56.82225036621094
9	56.821617126464844
10	56.8214225769043
