step	mean_absolute_error
0	11.489848136901855
1	5.110019207000732
2	4.8908209800720215
3	4.786471843719482
4	4.734733581542969
5	4.706577777862549
6	4.670297145843506
7	4.656172275543213
8	4.644835948944092
9	4.6297688484191895
10	4.634171485900879
11	4.627829074859619
12	4.64748477935791
13	4.606419086456299
