step	mean_absolute_error
0	58.04920959472656
1	58.046287536621094
2	58.04630661010742
3	58.04627990722656
4	58.0462646484375
5	58.046226501464844
6	58.046302795410156
7	58.0462532043457
8	58.04634475708008
9	58.04630661010742
10	58.0462532043457
