step	mean_absolute_error
0	19.834226608276367
1	5.716131210327148
2	5.407513618469238
3	5.285889625549316
4	5.192496299743652
5	5.115841388702393
6	5.012824058532715
7	4.981057643890381
8	4.9215545654296875
9	4.890684127807617
10	4.873486518859863
