step	mean_squared_error
0	380.5851745605469
1	43.7225341796875
2	40.269039154052734
3	38.94861602783203
4	38.15569305419922
5	37.731361389160156
6	37.221282958984375
7	37.140594482421875
8	36.84744644165039
9	36.67843246459961
10	36.822792053222656
11	36.7850341796875
12	36.88908386230469
13	36.49753189086914
