step	r2_score
0	-72.95252227783203
1	-72.7959976196289
2	-72.7820816040039
3	-72.78223419189453
4	-72.7825927734375
5	-72.78143310546875
6	-72.7774887084961
7	-72.7838134765625
8	-72.77548217773438
9	-72.78092956542969
10	-72.77626037597656
