step	r_squared
0	-18.34033966064453
1	-0.20068995654582977
2	-0.11735565960407257
3	-0.05738347768783569
4	-0.011894010938704014
5	0.026104582473635674
6	0.04115549847483635
7	0.060685377568006516
8	0.057502321898937225
9	0.06412388384342194
10	0.08311782777309418
