step	r_squared
0	-6.9265546798706055
1	0.1423325091600418
2	0.20737573504447937
3	0.23107212781906128
4	0.25392675399780273
5	0.25844210386276245
6	0.2742244601249695
7	0.2817237973213196
8	0.26166218519210815
9	0.2731250524520874
10	0.28329145908355713
11	0.2814822196960449
12	0.2750629484653473
13	0.2809763252735138
14	0.2831098735332489
15	0.27749454975128174
16	0.27741459012031555
17	0.27898406982421875
18	0.28214290738105774
19	0.2830269932746887
