step	r_squared
0	-81.20431518554688
1	-71.38877868652344
2	-52.08355712890625
3	-28.29561424255371
4	-10.460532188415527
5	-2.387566566467285
6	-0.32094839215278625
7	-0.027785765007138252
8	-0.008839651010930538
9	0.02087339013814926
10	0.060200173407793045
11	0.0824052169919014
12	0.1001240462064743
13	0.12358950078487396
14	0.13055141270160675
15	0.15531562268733978
16	0.19888480007648468
17	0.19900864362716675
