step	r_squared
0	-18.870792388916016
1	-0.2480396330356598
2	-0.12752105295658112
3	-0.07663393020629883
4	-0.030662545934319496
5	-0.011052638292312622
6	0.030086159706115723
7	0.045146968215703964
8	0.07540002465248108
9	0.08386266976594925
10	0.086150623857975
