step	r_squared
0	-6.931372165679932
1	0.14005786180496216
2	0.1991315633058548
3	0.2273041158914566
4	0.23966087400913239
5	0.25074031949043274
6	0.25975939631462097
7	0.26593199372291565
8	0.2646119296550751
9	0.2728951871395111
10	0.27186834812164307
