step	r_squared
0	-6.722902297973633
1	0.13501591980457306
2	0.20382805168628693
3	0.2291218787431717
4	0.24753636121749878
5	0.2543010711669922
6	0.2656726539134979
7	0.2663607597351074
8	0.27399829030036926
9	0.27459174394607544
10	0.27251747250556946
11	0.2741597592830658
12	0.27290380001068115
13	0.2800664007663727
