step	r_squared
0	-1.7153637409210205
1	-0.08456230908632278
2	0.00326317036524415
3	0.02953336387872696
4	0.0401463583111763
5	0.05893945321440697
6	0.039887987077236176
7	0.04518742486834526
8	0.05343165993690491
9	0.051100537180900574
10	0.052338771522045135
