step	root_mean_squared_error
0	28.27909278869629
1	7.1744537353515625
2	6.817494869232178
3	6.66664981842041
4	6.522520542144775
5	6.445552825927734
6	6.332995414733887
7	6.293761730194092
8	6.208608150482178
9	6.161858558654785
10	6.142035961151123
