step	root_mean_squared_error
0	27.196382522583008
1	7.034946441650391
2	6.776843547821045
3	6.583258628845215
4	6.465407371520996
5	6.367714881896973
6	6.295356750488281
7	6.250751972198486
8	6.248534679412842
9	6.214383602142334
10	6.158111572265625
