step	root_mean_squared_error
0	57.27701950073242
1	57.21479797363281
2	57.21195983886719
3	57.211036682128906
4	57.2105827331543
5	57.21033477783203
6	57.210182189941406
7	57.21007537841797
8	57.209991455078125
9	57.209938049316406
10	57.20989990234375
