step	root_mean_squared_error
0	58.56742858886719
1	58.564579010009766
2	58.56455993652344
3	58.564552307128906
4	58.564544677734375
5	58.56452178955078
6	58.56453323364258
7	58.56455993652344
8	58.56454086303711
9	58.56454086303711
10	58.56452560424805
