step	root_mean_squared_error
0	19.50859260559082
1	6.612301349639893
2	6.345788955688477
3	6.240882873535156
4	6.177029132843018
5	6.142585754394531
6	6.100924491882324
7	6.094308376312256
8	6.070209503173828
9	6.056272029876709
10	6.068178653717041
11	6.065066337585449
12	6.073638439178467
13	6.041318416595459
