step	root_mean_squared_error
0	57.21110916137695
1	57.209747314453125
2	57.20975112915039
3	57.20976257324219
4	57.209747314453125
5	57.20975112915039
6	57.20976638793945
7	57.20975875854492
8	57.20976638793945
9	57.20975875854492
10	57.20975875854492
