step	root_mean_squared_error
0	19.51646614074707
1	6.580386638641357
2	6.371891021728516
3	6.250216960906982
4	6.18833589553833
5	6.143304824829102
6	6.126736164093018
7	6.105546474456787
8	6.08959436416626
9	6.069098949432373
10	6.078824996948242
