step	root_mean_squared_error
0	50.046932220458984
1	14.44931697845459
2	7.551064491271973
3	7.350346088409424
4	7.208033084869385
5	7.0892558097839355
6	6.98187255859375
7	6.923038005828857
8	6.811932563781738
9	6.7612385749816895
10	6.676827430725098
11	6.613719463348389
12	6.547872543334961
