step	root_mean_squared_error
0	19.56540870666504
1	6.56483793258667
2	6.3427348136901855
3	6.252408981323242
4	6.152782440185547
5	6.127106666564941
6	6.092085361480713
7	6.067580699920654
8	6.114500045776367
9	6.07519006729126
10	6.034653663635254
11	6.039458751678467
12	6.053170680999756
13	6.037062168121338
14	6.036726951599121
15	6.04344367980957
16	6.039637565612793
17	6.040236949920654
18	6.033487796783447
19	6.032127857208252
