step	root_mean_squared_error
0	2.7872164249420166
1	1.811113953590393
2	1.7389743328094482
3	1.7164182662963867
4	1.70430588722229
5	1.6915019750595093
6	1.7018520832061768
7	1.6991008520126343
8	1.6944918632507324
9	1.696087121963501
10	1.6945407390594482
