step	root_mean_squared_error
0	57.184288024902344
1	53.68339157104492
2	45.99911880493164
3	34.26244354248047
4	21.489870071411133
5	11.669203758239746
6	7.364578723907471
7	6.47098445892334
8	6.434420108795166
9	6.324704170227051
10	6.188292980194092
11	6.110549449920654
12	6.068436145782471
13	5.972969055175781
14	5.939380168914795
15	5.879820346832275
16	5.737305641174316
17	5.735650539398193
