step	custom_r_squared
0	-2161.708984375
1	-2244.35107421875
2	-2168.726806640625
3	-2151.20703125
4	-2202.839111328125
5	-2335.01318359375
6	-2166.135986328125
7	-2156.196044921875
8	-2120.95654296875
9	-2112.0869140625
