step	custom_r_squared
0	-2168.980224609375
1	-2147.785400390625
2	-2133.137451171875
3	-2208.790771484375
4	-2241.197998046875
5	-2160.76416015625
6	-2218.2236328125
7	-2111.892333984375
8	-2215.54150390625
9	-2296.159423828125
