step	custom_r_squared
0	-2258.0087890625
1	-2186.46435546875
2	-2120.78076171875
3	-2103.131591796875
4	-2084.34814453125
5	-2102.41552734375
6	-2131.877197265625
7	-2208.361083984375
8	-2428.493408203125
9	-2134.8447265625
10	-2242.431884765625
