step	loss
0	12.141668319702148
1	5.324461460113525
2	5.118786811828613
3	4.999665260314941
4	4.960262775421143
5	4.881791591644287
6	4.862002372741699
7	4.853058815002441
8	4.858694553375244
9	4.857568264007568
10	4.82387113571167
11	4.824518203735352
12	4.819912433624268
13	4.823788642883301
14	4.788976192474365
15	4.790605068206787
16	4.796558380126953
