step	loss
0	11.78740119934082
1	5.265493392944336
2	5.062686443328857
3	5.002268314361572
4	4.9117021560668945
5	4.885207176208496
6	4.867887020111084
7	4.847031116485596
8	4.840220928192139
9	4.7894463539123535
10	4.823111534118652
