step	loss
0	11.653602600097656
1	5.557877063751221
2	5.384984016418457
3	5.311941623687744
4	5.250726699829102
5	5.222817897796631
6	5.215484619140625
7	5.184098243713379
8	5.1749444007873535
9	5.1857452392578125
10	5.174319267272949
