step	loss
0	5357.861328125
1	5341.8447265625
2	5341.2880859375
3	5341.22412109375
4	5341.2099609375
5	5341.19775390625
6	5341.19189453125
7	5341.19189453125
8	5341.18701171875
9	5341.18798828125
