step	loss
0	11.748950004577637
1	5.294466972351074
2	5.055329322814941
3	4.981679439544678
4	4.904324054718018
5	4.891353607177734
6	4.862911224365234
7	4.8598246574401855
8	4.846052169799805
9	4.837346076965332
10	4.78754186630249
