step	mean_absolute_percentage_error
0	99.93636322021484
1	99.7470474243164
2	99.5826416015625
3	99.48095703125
4	99.2802963256836
5	99.16090393066406
6	98.99871826171875
7	98.73726654052734
8	98.59172821044922
9	98.44264221191406
