step	mean_absolute_error
0	11.787033081054688
1	5.265521049499512
2	5.062654495239258
3	5.002229690551758
4	4.911652565002441
5	4.885202884674072
6	4.867892742156982
7	4.846988201141357
8	4.840150356292725
9	4.789564609527588
10	4.8230671882629395
