step	mean_absolute_error
0	73.1792221069336
1	73.0700454711914
2	73.0661849975586
3	73.06575775146484
4	73.06566619873047
5	73.06558990478516
6	73.06553649902344
7	73.06554412841797
8	73.06550598144531
9	73.06550598144531
