step	mean_squared_error
0	414.8255615234375
1	46.15447235107422
2	42.829036712646484
3	41.128787994384766
4	40.604251861572266
5	39.50272750854492
6	39.04400634765625
7	39.037452697753906
8	39.025699615478516
9	39.021427154541016
10	38.52480697631836
11	38.63921356201172
12	38.651885986328125
13	38.59408187866211
14	38.1286735534668
15	38.16676330566406
16	38.339111328125
