step	mean_absolute_error
0	11.649831771850586
1	5.553660869598389
2	5.383429050445557
3	5.310971736907959
4	5.251285552978516
5	5.223403453826904
6	5.216220855712891
7	5.186755657196045
8	5.177188873291016
9	5.1870598793029785
10	5.177719593048096
