step	mean_absolute_percentage_error
0	19.820524215698242
1	9.036266326904297
2	8.710237503051758
3	8.603896141052246
4	8.446958541870117
5	8.409286499023438
6	8.381494522094727
7	8.34815788269043
8	8.334075927734375
9	8.256248474121094
10	8.301883697509766
