step	mean_absolute_percentage_error
0	98.80279541015625
1	98.65558624267578
2	98.65036010742188
3	98.64977264404297
4	98.64961242675781
5	98.6495132446289
6	98.64945983886719
7	98.64945983886719
8	98.64939880371094
9	98.64940643310547
