step	mean_absolute_percentage_error
0	19.590606689453125
1	9.560142517089844
2	9.283879280090332
3	9.173273086547852
4	9.080843925476074
5	9.019187927246094
6	9.019400596618652
7	8.961248397827148
8	8.945354461669922
9	8.968232154846191
10	8.95079517364502
