step	mean_absolute_error
0	74.10015106201172
1	74.02434539794922
2	74.05017852783203
3	73.97142028808594
4	73.91129302978516
5	73.78816986083984
6	73.79681396484375
7	73.71598815917969
8	73.67937469482422
9	73.56951141357422
