step	mean_squared_error
0	394.3570556640625
1	45.20114517211914
2	42.14838409423828
3	41.196197509765625
4	39.89666748046875
5	39.538761138916016
6	39.309600830078125
7	39.137733459472656
8	38.79133224487305
9	38.21968078613281
10	38.5699348449707
