step	mean_squared_error
0	5496.03662109375
1	5474.5673828125
2	5455.83642578125
3	5443.876953125
4	5422.0224609375
5	5408.763671875
6	5390.8671875
7	5361.583984375
8	5346.44921875
9	5329.802734375
