step	mean_squared_error
0	379.6767883300781
1	49.84832763671875
2	47.001609802246094
3	46.05134963989258
4	44.811370849609375
5	44.449745178222656
6	44.3046875
7	43.83208465576172
8	43.837318420410156
9	43.8924674987793
10	43.774417877197266
