step	mean_absolute_percentage_error
0	20.455018997192383
1	9.150577545166016
2	8.804325103759766
3	8.608907699584961
4	8.561426162719727
5	8.420577049255371
6	8.395087242126465
7	8.380828857421875
8	8.37938117980957
9	8.381145477294922
10	8.327670097351074
11	8.32425594329834
12	8.315264701843262
13	8.32502555847168
14	8.264983177185059
15	8.267977714538574
16	8.27968978881836
