step	mean_absolute_percentage_error
0	99.94015502929688
1	99.8382568359375
2	99.875
3	99.76741790771484
4	99.6879653930664
5	99.52215576171875
6	99.53389739990234
7	99.42808532714844
8	99.3777847290039
9	99.22944641113281
