step	mean_squared_error
0	5366.720703125
1	5341.162109375
2	5341.162109375
3	5341.162109375
4	5341.162109375
5	5341.162109375
6	5341.162109375
7	5341.162109375
8	5341.16259765625
9	5341.162109375
10	5341.162109375
