step	mean_squared_error
0	392.1568298339844
1	45.52610778808594
2	42.23655700683594
3	40.986961364746094
4	39.88333511352539
5	39.58447265625
6	39.16023635864258
7	39.309024810791016
8	38.99643325805664
9	38.79057312011719
10	38.1724739074707
