step	mean_absolute_error
0	11.748549461364746
1	5.294496059417725
2	5.055295467376709
3	4.981764793395996
4	4.90435266494751
5	4.891386032104492
6	4.862960338592529
7	4.8598198890686035
8	4.846048831939697
9	4.837400436401367
10	4.787512302398682
