step	mean_squared_error
0	5495.8466796875
1	5484.41162109375
2	5487.76953125
3	5476.0947265625
4	5466.87646484375
5	5448.669921875
6	5449.84765625
7	5437.57177734375
8	5432.29833984375
9	5416.01171875
