step	mean_absolute_error
0	73.2398910522461
1	73.06534576416016
2	73.06534576416016
3	73.06533813476562
4	73.06534576416016
5	73.06533813476562
6	73.0653305053711
7	73.06533813476562
8	73.06534576416016
9	73.06533813476562
10	73.06533813476562
