step	mean_absolute_error
0	74.10030364990234
1	73.95877838134766
2	73.83450317382812
3	73.75777435302734
4	73.60906219482422
5	73.51961517333984
6	73.39849090576172
7	73.20204162597656
8	73.09638214111328
9	72.98414611816406
