step	mean_absolute_percentage_error
0	19.76123809814453
1	9.08240795135498
2	8.688142776489258
3	8.563371658325195
4	8.445616722106934
5	8.415679931640625
6	8.375105857849121
7	8.370771408081055
8	8.34960651397705
9	8.334795951843262
10	8.243304252624512
