step	mean_absolute_percentage_error
0	98.88520812988281
1	98.6491928100586
2	98.64918518066406
3	98.6491928100586
4	98.6491928100586
5	98.64918518066406
6	98.6491928100586
7	98.6491928100586
8	98.64918518066406
9	98.64918518066406
10	98.64918518066406
