step	mean_absolute_error
0	12.14966869354248
1	5.324462890625
2	5.118843078613281
3	4.9999098777771
4	4.960089206695557
5	4.881490707397461
6	4.862116813659668
7	4.85307502746582
8	4.858720302581787
9	4.857503890991211
10	4.823723793029785
11	4.8244309425354
12	4.819852352142334
13	4.823736190795898
14	4.789056777954102
15	4.790612697601318
16	4.796252250671387
