step	r_squared
0	-7.692955493927002
1	0.06258217990398407
2	0.12795482575893402
3	0.1634286493062973
4	0.178603857755661
5	0.20520365238189697
6	0.2126685231924057
7	0.20830626785755157
8	0.20918074250221252
9	0.21067026257514954
10	0.2223428636789322
11	0.21817544102668762
12	0.21683666110038757
13	0.21985742449760437
14	0.23070329427719116
15	0.2270570546388626
16	0.2215718775987625
