step	r_squared
0	-6.525897979736328
1	0.049634676426649094
2	-0.3452412486076355
3	-1.0483179092407227
4	0.14027619361877441
5	0.15565930306911469
6	0.15103879570960999
7	0.16189225018024445
8	0.16255447268486023
9	0.15285083651542664
10	0.15555883944034576
