step	r_squared
0	-7.3913984298706055
1	0.06219755858182907
2	0.1281578540802002
3	0.154566690325737
4	0.17963585257530212
5	0.18851107358932495
6	0.1939934492111206
7	0.19190488755702972
8	0.1970970779657364
9	0.20253585278987885
10	0.21741142868995667
