step	r_squared
0	-7.220628261566162
1	0.06663944572210312
2	0.13059362769126892
3	0.14839601516723633
4	0.18119588494300842
5	0.18528535962104797
6	0.19590581953525543
7	0.195729598402977
8	0.20122350752353668
9	0.21677497029304504
10	0.20045600831508636
