step	root_mean_squared_error
0	74.13526153564453
1	73.99031829833984
2	73.86363220214844
3	73.78263092041016
4	73.63438415527344
5	73.54429626464844
6	73.42252349853516
7	73.22283935546875
8	73.11941528320312
9	73.00550079345703
