step	root_mean_squared_error
0	74.13397979736328
1	74.05681610107422
2	74.07948303222656
3	74.00064086914062
4	73.9383316040039
5	73.81510925292969
6	73.82308197021484
7	73.7398910522461
8	73.7041244506836
9	73.59355926513672
