step	root_mean_squared_error
0	73.19741821289062
1	73.08792114257812
2	73.08411407470703
3	73.08367919921875
4	73.08358764648438
5	73.08350372314453
6	73.08345794677734
7	73.08345794677734
8	73.08342742919922
9	73.08342742919922
