step	root_mean_squared_error
0	73.25790405273438
1	73.08325958251953
2	73.08325958251953
3	73.08325958251953
4	73.08325958251953
5	73.08325958251953
6	73.08325958251953
7	73.08325958251953
8	73.08325958251953
9	73.08325958251953
10	73.08325958251953
