step	root_mean_squared_error
0	20.367267608642578
1	6.793708324432373
2	6.544389724731445
3	6.413172721862793
4	6.372146129608154
5	6.28511905670166
6	6.248520851135254
7	6.247995853424072
8	6.247055530548096
9	6.246713638305664
10	6.2068352699279785
11	6.2160444259643555
12	6.217063903808594
13	6.212413311004639
14	6.174841403961182
15	6.1779255867004395
16	6.191858768463135
