step	root_mean_squared_error
0	19.80295181274414
1	6.747303485870361
2	6.498965740203857
3	6.402105808258057
4	6.3153252601623535
5	6.291619300842285
6	6.257813930511475
7	6.269691467285156
8	6.2447123527526855
9	6.228207588195801
10	6.17838716506958
