step	root_mean_squared_error
0	19.858427047729492
1	6.723179817199707
2	6.492178440093994
3	6.418426513671875
4	6.316380977630615
5	6.287985324859619
6	6.269737243652344
7	6.256015777587891
8	6.228269100189209
9	6.182207107543945
10	6.210469722747803
