step	root_mean_squared_error
0	19.48529624938965
1	7.0603346824646
2	6.855772495269775
3	6.786114692687988
4	6.694129467010498
5	6.667064189910889
6	6.656176567077637
7	6.620580196380615
8	6.620975494384766
9	6.625139236450195
10	6.616223335266113
