step	loss
0	11.81067180633545
1	5.341253757476807
2	5.143904209136963
3	5.055902004241943
4	4.985379695892334
5	4.935022830963135
6	4.937197208404541
7	4.941240310668945
8	4.9290242195129395
9	4.897983074188232
10	4.92125940322876
11	4.8954572677612305
12	4.888599872589111
13	4.891219615936279
