step	loss
0	11.81003189086914
1	5.383838176727295
2	5.174386978149414
3	5.071522235870361
4	5.004845142364502
5	4.9742326736450195
6	4.945852756500244
7	4.918511867523193
8	4.927029609680176
9	4.933096885681152
10	4.9048051834106445
