step	loss
0	3280.4208984375
1	2885.326416015625
2	2110.9521484375
3	1167.2203369140625
4	458.5823059082031
5	137.14707946777344
6	56.58164978027344
7	45.60205841064453
8	43.34406661987305
9	41.591461181640625
10	40.10298538208008
11	39.08743667602539
12	39.049869537353516
13	37.89883041381836
14	36.390663146972656
15	36.54518508911133
16	34.938758850097656
17	34.10402297973633
18	33.4833869934082
19	32.24181365966797
