step	loss
0	2473.275390625
1	206.44952392578125
2	58.38486099243164
3	56.22871780395508
4	53.72096633911133
5	52.0081787109375
6	50.800228118896484
7	49.02907180786133
8	47.9056282043457
9	46.98537063598633
10	45.88344192504883
11	44.85797882080078
12	44.27878189086914
13	43.66621398925781
14	42.87844467163086
15	42.264278411865234
16	41.29840087890625
