step	loss
0	793.4475708007812
1	54.898345947265625
2	50.66558074951172
3	48.20170211791992
4	46.43661117553711
5	44.43169021606445
6	43.81572341918945
7	43.038230895996094
8	42.36445999145508
9	41.56150817871094
10	41.41478729248047
