step	mean_absolute_error
0	18.56220054626465
1	5.767160415649414
2	5.56465482711792
3	5.443480014801025
4	5.331222057342529
5	5.235787391662598
6	5.192740440368652
7	5.1589555740356445
8	5.145279884338379
9	5.171473979949951
10	5.102173805236816
