step	mean_absolute_percentage_error
0	19.852540969848633
1	9.209188461303711
2	8.88656997680664
3	8.737778663635254
4	8.612897872924805
5	8.543259620666504
6	8.541638374328613
7	8.539947509765625
8	8.526801109313965
9	8.472307205200195
10	8.517553329467773
11	8.475000381469727
12	8.459783554077148
13	8.46642017364502
