step	mean_absolute_percentage_error
0	98.3295669555664
1	98.2487564086914
2	98.24455261230469
3	98.24317169189453
4	98.24251556396484
5	98.24212646484375
6	98.24189758300781
7	98.24177551269531
8	98.24173736572266
9	98.24159240722656
10	98.24150848388672
