step	mean_squared_error
0	397.917236328125
1	47.45154571533203
2	43.80731201171875
3	42.94540023803711
4	41.62661361694336
5	41.37970733642578
6	41.11483383178711
7	40.664588928222656
8	40.591285705566406
9	40.532257080078125
10	40.29370880126953
11	40.25710678100586
12	40.00331497192383
13	40.281158447265625
14	40.05990982055664
15	39.92319107055664
16	40.055335998535156
17	39.585235595703125
