step	mean_squared_error
0	8.018784523010254
1	3.61849308013916
2	3.4181747436523438
3	3.2968039512634277
4	3.2993876934051514
5	3.264277935028076
6	3.2833313941955566
7	3.2473790645599365
8	3.245128870010376
9	3.240708827972412
10	3.2150561809539795
