step	mean_squared_error
0	746.2197265625
1	53.21849822998047
2	49.26787567138672
3	47.02083969116211
4	45.66532516479492
5	44.4899787902832
6	43.094207763671875
7	42.811973571777344
8	42.60621643066406
9	42.960025787353516
10	42.108848571777344
