step	mean_absolute_percentage_error
0	32.140220642089844
1	10.210951805114746
2	9.828397750854492
3	9.632606506347656
4	9.428878784179688
5	9.273860931396484
6	9.187292098999023
7	9.144413948059082
8	9.126916885375977
9	9.143333435058594
10	9.042122840881348
