step	mean_absolute_percentage_error
0	82.25175476074219
1	19.037317276000977
2	10.686951637268066
3	10.509733200073242
4	10.272781372070312
5	10.10179328918457
6	9.986995697021484
7	9.823421478271484
8	9.684364318847656
9	9.6063814163208
10	9.491109848022461
11	9.37924861907959
12	9.302173614501953
13	9.246112823486328
14	9.159416198730469
15	9.07355785369873
16	8.994670867919922
