step	mean_absolute_error
0	48.31629943847656
1	11.386991500854492
2	6.114039421081543
3	6.001277446746826
4	5.86369514465332
5	5.7628583908081055
6	5.692856788635254
7	5.5997138023376465
8	5.519778728485107
9	5.472479343414307
10	5.408579349517822
11	5.343755722045898
12	5.300323963165283
13	5.2683024406433105
14	5.216378688812256
15	5.166434288024902
16	5.122036457061768
