step	mean_absolute_percentage_error
0	19.854108810424805
1	9.27684211730957
2	8.934287071228027
3	8.76072883605957
4	8.648102760314941
5	8.607505798339844
6	8.556600570678711
7	8.509926795959473
8	8.530817985534668
9	8.539077758789062
10	8.492217063903809
