step	mean_squared_error
0	396.4624938964844
1	47.3072395324707
2	44.153446197509766
3	42.44886016845703
4	41.33620071411133
5	40.858436584472656
6	40.830623626708984
7	40.946083068847656
8	40.665191650390625
9	40.25828170776367
10	40.567012786865234
11	40.24362564086914
12	40.02576446533203
13	40.2365837097168
