step	mean_absolute_error
0	11.840527534484863
1	5.366352558135986
2	5.135540008544922
3	5.070534706115723
4	4.988915920257568
5	4.978334426879883
6	4.955723762512207
7	4.919800281524658
8	4.916691303253174
9	4.910051345825195
10	4.899791717529297
11	4.904836654663086
12	4.877633571624756
13	4.886990547180176
14	4.876216411590576
15	4.869937896728516
16	4.877922534942627
17	4.850793838500977
