step	mean_absolute_error
0	57.768619537353516
1	57.76667022705078
2	57.7667236328125
3	57.76670455932617
4	57.76670837402344
5	57.766693115234375
6	57.76670455932617
7	57.76664733886719
8	57.76670455932617
9	57.766685485839844
10	57.766666412353516
