step	mean_absolute_percentage_error
0	36.131656646728516
1	27.88982391357422
2	27.24188995361328
3	26.72005844116211
4	26.725143432617188
5	26.635826110839844
6	26.71575164794922
7	26.603673934936523
8	26.558971405029297
9	26.59744644165039
10	26.50016212463379
