step	mean_squared_error
0	3268.434326171875
1	3263.191162109375
2	3262.927978515625
3	3262.84130859375
4	3262.798583984375
5	3262.774658203125
6	3262.760009765625
7	3262.750732421875
8	3262.743896484375
9	3262.74072265625
10	3262.735107421875
