step	mean_absolute_percentage_error
0	34.242454528808594
1	10.426502227783203
2	10.001445770263672
3	9.759604454040527
4	9.552380561828613
5	9.385175704956055
6	9.32950496673584
7	9.242405891418457
8	9.161105155944824
9	9.099034309387207
10	9.069735527038574
