step	mean_absolute_percentage_error
0	19.895116806030273
1	9.245867729187012
2	8.865195274353027
3	8.772120475769043
4	8.627223014831543
5	8.617691040039062
6	8.571887969970703
7	8.512672424316406
8	8.503714561462402
9	8.503096580505371
10	8.486307144165039
11	8.484920501708984
12	8.443044662475586
13	8.457474708557129
14	8.438755989074707
15	8.427533149719238
16	8.4376220703125
17	8.400358200073242
