step	mean_squared_error
0	395.9731140136719
1	47.62314987182617
2	44.218868255615234
3	42.79825210571289
4	41.816715240478516
5	41.420249938964844
6	40.983009338378906
7	40.62678527832031
8	40.77656936645508
9	40.5582389831543
10	40.30292892456055
