step	mean_absolute_percentage_error
0	98.56041717529297
1	92.37091064453125
2	78.5645980834961
3	57.435482025146484
4	34.20488357543945
5	16.68092918395996
6	10.2485990524292
7	9.39778995513916
8	9.182891845703125
9	9.036222457885742
10	8.846884727478027
11	8.770339012145996
12	8.72542953491211
13	8.60889720916748
14	8.436372756958008
15	8.420234680175781
16	8.272269248962402
17	8.165152549743652
18	8.110319137573242
19	7.9178361892700195
