step	mean_absolute_percentage_error
0	98.2704086303711
1	98.26695251464844
2	98.26702880859375
3	98.26702880859375
4	98.26696014404297
5	98.26692962646484
6	98.266845703125
7	98.26688385009766
8	98.26708221435547
9	98.26688385009766
10	98.26691436767578
