step	mean_absolute_error
0	11.80980110168457
1	5.341207981109619
2	5.143967628479004
3	5.055882930755615
4	4.98532247543335
5	4.9349236488342285
6	4.937270641326904
7	4.941007614135742
8	4.928961753845215
9	4.898018836975098
10	4.9212541580200195
11	4.89558744430542
12	4.888686656951904
13	4.891105651855469
