step	mean_absolute_error
0	2.1521334648132324
1	1.534353494644165
2	1.4922910928726196
3	1.4596233367919922
4	1.4638036489486694
5	1.4591351747512817
6	1.4591625928878784
7	1.4522312879562378
8	1.4509825706481934
9	1.454693078994751
10	1.4469579458236694
