step	mean_absolute_error
0	56.89521026611328
1	53.3117561340332
2	45.407981872558594
3	33.334930419921875
4	20.074182510375977
5	9.953886032104492
6	6.0182013511657715
7	5.377993583679199
8	5.234914779663086
9	5.124722957611084
10	5.01244592666626
11	4.978920936584473
12	4.9527153968811035
13	4.881739139556885
14	4.780219554901123
15	4.781067371368408
16	4.689855575561523
17	4.631344795227051
18	4.599636554718018
19	4.490718364715576
