step	mean_absolute_error
0	56.751617431640625
1	56.70558547973633
2	56.703243255615234
3	56.70244216918945
4	56.70207214355469
5	56.701904296875
6	56.70174789428711
7	56.70166015625
8	56.70161437988281
9	56.70156478881836
10	56.701541900634766
