step	mean_absolute_error
0	19.813674926757812
1	5.906961441040039
2	5.657637119293213
3	5.51130485534668
4	5.398151874542236
5	5.302894592285156
6	5.273128509521484
7	5.220731735229492
8	5.176829814910889
9	5.13651180267334
10	5.119115352630615
