step	r2_score
0	-67.55538177490234
1	-67.4528579711914
2	-67.44383239746094
3	-67.45077514648438
4	-67.44023895263672
5	-67.4445571899414
6	-67.43767547607422
7	-67.44054412841797
8	-67.44084167480469
9	-67.43902587890625
10	-67.43934631347656
