step	r_squared
0	-15.40140438079834
1	-0.14378346502780914
2	-0.045994874089956284
3	0.001179140992462635
4	0.02696790173649788
5	0.05946279689669609
6	0.08683665096759796
7	0.08624619990587234
8	0.09372631460428238
9	0.08683884143829346
10	0.10839944332838058
