step	r_squared
0	-17.142000198364258
1	-0.17230036854743958
2	-0.08184492588043213
3	-0.02682335302233696
4	0.011620336212217808
5	0.055133890360593796
6	0.0711389109492302
7	0.08533994853496552
8	0.10485458374023438
9	0.12031067907810211
10	0.12330431491136551
