step	r_squared
0	-7.269590377807617
1	0.05539601668715477
2	0.12416369467973709
3	0.14707641303539276
4	0.17503531277179718
5	0.17294128239154816
6	0.18394967913627625
7	0.19273971021175385
8	0.1932181417942047
9	0.19532650709152222
10	0.19869908690452576
11	0.20142720639705658
12	0.20112738013267517
13	0.19809120893478394
14	0.20363885164260864
15	0.21017087996006012
16	0.2000875324010849
17	0.2168480008840561
