step	r_squared
0	-1.2537543773651123
1	-0.007322875317186117
2	0.04500376060605049
3	0.07611691951751709
4	0.0790923535823822
5	0.091262586414814
6	0.09686972200870514
7	0.0990622416138649
8	0.0990942120552063
9	0.1000358983874321
10	0.10566725581884384
