step	r_squared
0	-7.007583141326904
1	0.05144519358873367
2	0.11582963168621063
3	0.14512108266353607
4	0.1704585999250412
5	0.17265184223651886
6	0.18291641771793365
7	0.19673696160316467
8	0.18741849064826965
9	0.1916320025920868
10	0.19881047308444977
