step	r_squared
0	-7.477944374084473
1	0.05975063517689705
2	0.12303029000759125
3	0.15337860584259033
4	0.1800297051668167
5	0.1912994086742401
6	0.18993665277957916
7	0.18155576288700104
8	0.18965552747249603
9	0.19902482628822327
10	0.1901141107082367
11	0.2008199542760849
12	0.2029079645872116
13	0.20021457970142365
