step	r_squared
0	-70.98310852050781
1	-62.51384735107422
2	-45.368568420410156
3	-24.65224838256836
4	-9.063553810119629
5	-1.9507070779800415
6	-0.23333260416984558
7	0.018098315224051476
8	0.07171895354986191
9	0.09981953352689743
10	0.14055007696151733
11	0.15684697031974792
12	0.15820863842964172
13	0.18231476843357086
14	0.2187468409538269
15	0.20710428059101105
16	0.24780474603176117
17	0.2677461802959442
18	0.27470505237579346
19	0.31177210807800293
