step	root_mean_squared_error
0	2.8317458629608154
1	1.9022337198257446
2	1.8488306999206543
3	1.8157103061676025
4	1.8164215087890625
5	1.8067312240600586
6	1.811996579170227
7	1.802048683166504
8	1.8014241456985474
9	1.8001970052719116
10	1.7930576801300049
