step	root_mean_squared_error
0	58.29449462890625
1	58.292686462402344
2	58.29261779785156
3	58.29263687133789
4	58.29262161254883
5	58.29261016845703
6	58.29261779785156
7	58.29261779785156
8	58.292640686035156
9	58.29264831542969
10	58.29262924194336
