step	root_mean_squared_error
0	19.94786262512207
1	6.888507843017578
2	6.618709087371826
3	6.553274154663086
4	6.451869010925293
5	6.432705879211426
6	6.412084579467773
7	6.376879692077637
8	6.371129512786865
9	6.366495132446289
10	6.3477325439453125
11	6.344849109649658
12	6.324817657470703
13	6.346744060516357
14	6.329289436340332
15	6.318480014801025
16	6.328928470611572
17	6.291679859161377
