step	root_mean_squared_error
0	28.168201446533203
1	7.409342288970947
2	7.117975234985352
3	6.942744731903076
4	6.814441204071045
5	6.665709972381592
6	6.619344711303711
7	6.5603532791137695
8	6.508798599243164
9	6.446821212768555
10	6.435432434082031
