step	root_mean_squared_error
0	57.170223236083984
1	57.12434768676758
2	57.12204360961914
3	57.12128448486328
4	57.12091064453125
5	57.12070083618164
6	57.120574951171875
7	57.12049102783203
8	57.12043380737305
9	57.12040328979492
10	57.120357513427734
