step	root_mean_squared_error
0	19.911365509033203
1	6.878026008605957
2	6.644805908203125
3	6.5152788162231445
4	6.429323673248291
5	6.39206075668335
6	6.389884948730469
7	6.39891242980957
8	6.376926898956299
9	6.344941139221191
10	6.3692240715026855
11	6.343786716461182
12	6.326591968536377
13	6.343231201171875
