step	root_mean_squared_error
0	57.27495574951172
1	53.71523666381836
2	45.945098876953125
3	34.164608001708984
4	21.414535522460938
5	11.710982322692871
6	7.522077560424805
7	6.752929210662842
8	6.583621025085449
9	6.449143886566162
10	6.332691669464111
11	6.251995086669922
12	6.248989582061768
13	6.156202793121338
14	6.032467842102051
15	6.045261383056641
16	5.91090202331543
17	5.839865207672119
18	5.786483287811279
19	5.678187847137451
