step	root_mean_squared_error
0	19.899072647094727
1	6.900952339172363
2	6.649726867675781
3	6.542037010192871
4	6.4665846824646
5	6.435856342315674
6	6.401797771453857
7	6.3739142417907715
8	6.385653495788574
9	6.368535041809082
10	6.348459243774414
