step	root_mean_squared_error
0	27.317020416259766
1	7.295100688934326
2	7.019107818603516
3	6.857174873352051
4	6.7576117515563965
5	6.670080661773682
6	6.56461763381958
7	6.543086528778076
8	6.527343273162842
9	6.554389953613281
10	6.489133358001709
