step	root_mean_squared_error
0	49.732032775878906
1	14.368350982666016
2	7.6409993171691895
3	7.498581409454346
4	7.329458236694336
5	7.211669921875
6	7.12742805480957
7	7.002076148986816
8	6.921389579772949
9	6.854588031768799
10	6.773731708526611
11	6.6976094245910645
12	6.654230117797852
13	6.608041286468506
14	6.548163890838623
15	6.501098155975342
16	6.4263834953308105
