step	custom_r_squared
0	-81.34443664550781
1	-81.63545989990234
2	-83.38468933105469
3	-80.72733306884766
4	-82.1742172241211
5	-83.26286315917969
6	-81.91792297363281
7	-82.06539916992188
8	-81.90825653076172
9	-82.50827026367188
10	-81.88243103027344
