step	loss
0	59.105979919433594
1	59.219573974609375
2	56.122257232666016
3	54.02708053588867
4	54.17945861816406
5	54.2053108215332
6	55.44658660888672
7	54.1896858215332
8	57.54435729980469
9	52.80169677734375
10	53.69062042236328
