step	loss
0	3090.760986328125
1	3090.16259765625
2	3090.008544921875
3	3089.940673828125
4	3089.9052734375
5	3089.884033203125
6	3089.87060546875
7	3089.861083984375
8	3089.85400390625
9	3089.849609375
10	3089.844970703125
