step	loss
0	6.0942864418029785
1	5.9201765060424805
2	6.134904861450195
3	6.121952533721924
4	5.793112754821777
5	5.853412628173828
6	6.248081207275391
7	5.7757792472839355
8	5.786914348602295
9	6.768263339996338
10	6.5350542068481445
