step	loss
0	6.4662251472473145
1	6.452527046203613
2	6.43373966217041
3	5.659792423248291
4	5.984776973724365
5	6.126695156097412
6	6.130777359008789
7	5.990602016448975
8	6.361168384552002
9	6.641283988952637
10	6.130800724029541
11	5.603727340698242
12	5.324301719665527
13	6.480515956878662
