step	loss
0	3089.831298828125
1	3089.83251953125
2	3089.83056640625
3	3089.83154296875
4	3089.831298828125
5	3089.830810546875
6	3089.830322265625
7	3089.830810546875
8	3089.830810546875
9	3089.831298828125
10	3089.83056640625
