step	loss
0	6.202383041381836
1	6.141417503356934
2	6.1414875984191895
3	6.959475517272949
4	6.282351493835449
5	6.214033126831055
6	6.329531669616699
7	6.36784553527832
8	5.964701175689697
9	5.509938716888428
10	5.788844108581543
11	5.8976850509643555
12	5.96109676361084
13	6.572913646697998
14	5.975611686706543
15	6.264798164367676
16	6.105597972869873
17	5.902494430541992
18	6.611074447631836
19	6.202542781829834
