step	mean_absolute_percentage_error
0	98.2009048461914
1	98.19081115722656
2	98.18811798095703
3	98.18696594238281
4	98.18634796142578
5	98.18594360351562
6	98.18573760986328
7	98.18553161621094
8	98.18544006347656
9	98.18534088134766
10	98.1852798461914
