step	mean_absolute_error
0	1.6923317909240723
1	1.7004550695419312
2	1.700066089630127
3	1.6601516008377075
4	1.6928198337554932
5	1.7083131074905396
6	1.6395642757415771
7	1.6713711023330688
8	1.6808527708053589
9	1.6363073587417603
10	1.6737031936645508
