step	mean_absolute_percentage_error
0	11.105058670043945
1	11.399909973144531
2	10.812106132507324
3	11.112075805664062
4	10.739154815673828
5	11.262015342712402
6	10.9996337890625
7	10.578340530395508
8	10.736120223999023
9	11.063910484313965
10	10.575730323791504
