step	mean_squared_error
0	55.893821716308594
1	57.99542999267578
2	54.128780364990234
3	54.52008056640625
4	52.46867370605469
5	55.055885314941406
6	53.04710006713867
7	50.824790954589844
8	51.52838897705078
9	53.156402587890625
10	50.813316345214844
