step	mean_absolute_percentage_error
0	98.21574401855469
1	98.21564483642578
2	98.21568298339844
3	98.21564483642578
4	98.21564483642578
5	98.2155990600586
6	98.21566772460938
7	98.21566772460938
8	98.21564483642578
9	98.21560668945312
10	98.21563720703125
