step	mean_squared_error
0	3150.031494140625
1	3150.0283203125
2	3150.026611328125
3	3150.024658203125
4	3150.02685546875
5	3150.026123046875
6	3150.025634765625
7	3150.024658203125
8	3150.025634765625
9	3150.02490234375
10	3150.02685546875
