step	mean_absolute_percentage_error
0	37.45642852783203
1	38.54862976074219
2	39.18097686767578
3	38.071319580078125
4	39.03697204589844
5	38.03736114501953
6	36.768943786621094
7	37.981178283691406
8	38.159873962402344
9	36.601131439208984
10	38.71079635620117
