step	mean_absolute_error
0	53.566802978515625
1	47.90035629272461
2	38.67245864868164
3	26.360292434692383
4	13.938889503479004
5	7.511699199676514
6	6.145265579223633
7	5.811964988708496
8	6.126960277557373
9	5.976229190826416
10	6.043574333190918
11	6.253622531890869
12	6.435708045959473
13	5.941885471343994
14	6.325741291046143
15	6.652912616729736
16	6.226258277893066
17	6.235685348510742
