step	mean_absolute_error
0	55.73798751831055
1	55.737937927246094
2	55.73792266845703
3	55.737937927246094
4	55.7379264831543
5	55.7379264831543
6	55.737911224365234
7	55.737918853759766
8	55.737937927246094
9	55.737937927246094
10	55.73794174194336
