step	mean_absolute_percentage_error
0	9.649703025817871
1	9.395247459411621
2	9.683506965637207
3	9.662617683410645
4	9.183645248413086
5	9.238547325134277
6	9.846904754638672
7	9.137429237365723
8	9.160165786743164
9	10.638829231262207
10	10.27849006652832
