step	mean_squared_error
0	2917.1845703125
1	2341.189208984375
2	1544.754150390625
3	747.29638671875
4	250.21258544921875
5	88.78520965576172
6	61.4111328125
7	55.361019134521484
8	60.00800704956055
9	56.16736602783203
10	58.087059020996094
11	59.87027359008789
12	63.74250793457031
13	55.08639907836914
14	60.80634689331055
15	65.76092529296875
16	59.8066520690918
17	59.83474349975586
