step	mean_absolute_error
0	55.09654998779297
1	55.09103012084961
2	55.08959197998047
3	55.08897018432617
4	55.08864212036133
5	55.08845138549805
6	55.08829879760742
7	55.08821105957031
8	55.0881462097168
9	55.08810806274414
10	55.08807373046875
