step	mean_squared_error
0	61.31200408935547
1	59.64931869506836
2	59.37229537963867
3	47.34288024902344
4	51.73414993286133
5	53.907630920410156
6	53.79803466796875
7	51.47855758666992
8	57.016563415527344
9	62.16127395629883
10	53.71522903442383
11	45.82041931152344
12	42.273616790771484
13	59.22020721435547
