step	mean_absolute_error
0	5.992709159851074
1	6.107978820800781
2	5.847432613372803
3	5.944685459136963
4	5.787593364715576
5	6.0048418045043945
6	5.8927836418151855
7	5.672876834869385
8	5.768725395202637
9	5.899762153625488
10	5.6851935386657715
