step	mean_absolute_percentage_error
0	11.487277030944824
1	11.451916694641113
2	11.098627090454102
3	10.909810066223145
4	11.02855396270752
5	11.026883125305176
6	11.431910514831543
7	11.242358207702637
8	11.827912330627441
9	11.084733009338379
10	11.234603881835938
