step	mean_squared_error
0	3090.841552734375
1	3089.19091796875
2	3091.494873046875
3	3090.59130859375
4	3091.107666015625
5	3088.693603515625
6	3091.71484375
7	3091.89599609375
8	3092.03466796875
9	3093.02001953125
10	3090.72265625
