step	mean_absolute_error
0	55.0980339050293
1	55.08433151245117
2	55.10300064086914
3	55.09550094604492
4	55.099605560302734
5	55.07771301269531
6	55.103668212890625
7	55.1071662902832
8	55.10664749145508
9	55.115135192871094
10	55.096107482910156
