step	mean_absolute_error
0	6.180832386016846
1	6.15617561340332
2	5.972009181976318
3	5.87393045425415
4	5.916170597076416
5	5.935860633850098
6	6.055307388305664
7	5.960921287536621
8	6.239891052246094
9	5.910414218902588
10	5.980687141418457
