step	mean_absolute_percentage_error
0	44.765655517578125
1	9.205636024475098
2	9.093246459960938
3	10.671883583068848
4	9.216136932373047
5	10.757813453674316
6	9.336997032165527
7	9.477453231811523
8	10.127224922180176
9	9.867605209350586
10	10.57400894165039
11	10.086034774780273
12	9.475468635559082
