step	mean_absolute_error
0	25.57513999938965
1	5.241098880767822
2	5.081238746643066
3	5.9017558097839355
4	5.137703895568848
5	5.902344703674316
6	5.25103759765625
7	5.274779319763184
8	5.601588249206543
9	5.443215370178223
10	5.814476490020752
11	5.565755367279053
12	5.247822284698486
