step	mean_absolute_percentage_error
0	95.42922973632812
1	85.2797622680664
2	68.54550170898438
3	46.233726501464844
4	23.69215202331543
5	12.80193042755127
6	11.30506706237793
7	10.503100395202637
8	11.082722663879395
9	11.098480224609375
10	11.37657356262207
11	11.598886489868164
12	12.072674751281738
13	11.020827293395996
14	11.8284330368042
15	12.603063583374023
16	11.629298210144043
17	11.4697265625
