step	mean_absolute_percentage_error
0	10.207648277282715
1	10.16651725769043
2	10.138566017150879
3	8.986740112304688
4	9.458524703979492
5	9.673365592956543
6	9.673857688903809
7	9.45748233795166
8	10.00248908996582
9	10.437885284423828
10	9.65270709991455
11	8.874951362609863
12	8.480853080749512
13	10.179337501525879
