step	mean_squared_error
0	4.272561073303223
1	4.388453006744385
2	4.496923446655273
3	4.231032848358154
4	4.395045280456543
5	4.327773094177246
6	4.071147441864014
7	4.263319492340088
8	4.298641681671143
9	4.049915790557861
10	4.3613505363464355
