step	mean_absolute_percentage_error
0	98.18537902832031
1	98.18507385253906
2	98.18553161621094
3	98.18528747558594
4	98.18539428710938
5	98.1847152709961
6	98.18547821044922
7	98.1856918334961
8	98.18556213378906
9	98.18580627441406
10	98.18531036376953
