step	mean_squared_error
0	55.39714431762695
1	52.04899215698242
2	54.17388153076172
3	53.956565856933594
4	48.97335433959961
5	49.404876708984375
6	55.984493255615234
7	48.50126266479492
8	48.87296676635742
9	64.24485778808594
10	60.084896087646484
