step	mean_squared_error
0	56.51084518432617
1	55.038631439208984
2	54.42927169799805
3	66.9396743774414
4	56.24338912963867
5	55.08956527709961
6	56.58038330078125
7	56.8759651184082
8	51.329734802246094
9	44.63521957397461
10	48.56989288330078
11	50.13154602050781
12	51.02907180786133
13	60.39297866821289
14	51.54648971557617
15	55.34853744506836
16	53.19348907470703
17	50.14774703979492
18	60.83400344848633
19	54.558719635009766
