step	mean_absolute_percentage_error
0	9.798233032226562
1	9.705032348632812
2	9.681492805480957
3	10.903200149536133
4	9.883234977722168
5	9.795247077941895
6	9.961034774780273
7	10.006095886230469
8	9.429570198059082
9	8.74122428894043
10	9.156498908996582
11	9.320830345153809
12	9.413201332092285
13	10.322798728942871
14	9.43660831451416
15	9.856178283691406
16	9.629546165466309
17	9.336153984069824
18	10.376432418823242
19	9.771720886230469
