step	mean_absolute_error
0	6.092706680297852
1	5.915256023406982
2	6.131836414337158
3	6.1233038902282715
4	5.795060157775879
5	5.850305080413818
6	6.253441333770752
7	5.776716232299805
8	5.783084869384766
9	6.767163276672363
10	6.539961814880371
