step	mean_squared_error
0	692.0164184570312
1	45.15940856933594
2	42.230133056640625
3	51.19258499145508
4	42.594051361083984
5	52.53306198120117
6	43.951961517333984
7	42.7759895324707
8	46.923553466796875
9	46.02910614013672
10	49.59250259399414
11	46.995697021484375
12	43.342735290527344
