step	r2_score
0	-55.0420036315918
1	-55.03208541870117
2	-55.02836227416992
3	-55.02682113647461
4	-55.02742004394531
5	-55.02734375
6	-55.0264778137207
7	-55.02630615234375
8	-55.024627685546875
9	-55.02888870239258
10	-55.02787399291992
