step	r_squared
0	-0.05687114968895912
1	-0.08121388405561447
2	-0.01954190991818905
3	0.020570829510688782
4	0.014835705049335957
5	0.02288980595767498
6	-0.007380723021924496
7	0.015948612242937088
8	-0.047086913138628006
9	0.04354904592037201
10	0.002631217474117875
