step	r_squared
0	-0.005631842650473118
1	-0.06586745381355286
2	0.010112343356013298
3	0.014565089717507362
4	0.04418943077325821
5	0.004948540590703487
6	0.040342871099710464
7	0.08654126524925232
8	0.08305026590824127
9	0.04142962768673897
10	0.08584277331829071
