step	r_squared
0	-17.234487533569336
1	-0.12255751341581345
2	-0.09202118217945099
3	-0.3291984796524048
4	-0.08880816400051117
5	-0.3390919268131256
6	-0.08936522901058197
7	-0.0788450539112091
8	-0.2061968594789505
9	-0.172587588429451
10	-0.2860058844089508
11	-0.19805032014846802
12	-0.1024601012468338
