step	r_squared
0	-1.3638664484024048
1	-1.3724346160888672
2	-1.2764054536819458
3	-0.7481351494789124
4	-1.001629114151001
5	-1.103823184967041
6	-1.0360965728759766
7	-0.9610978364944458
8	-1.2149872779846191
9	-1.447790265083313
10	-1.0345890522003174
11	-0.7425994873046875
12	-0.569931149482727
13	-1.2686022520065308
