step	r_squared
0	-54.28860855102539
1	-44.181636810302734
2	-28.26638412475586
3	-13.106419563293457
4	-3.643702745437622
5	-0.6197552680969238
6	-0.10630036890506744
7	0.00802432931959629
8	-0.08880235254764557
9	-0.014523426070809364
10	-0.08032438904047012
11	-0.10453566163778305
12	-0.15065766870975494
13	-0.003963495139032602
14	-0.13033759593963623
15	-0.1956375390291214
16	-0.08889855444431305
17	-0.09232209622859955
