step	r_squared
0	-1.176940679550171
1	-1.0934576988220215
2	-1.0730960369110107
3	-1.6383271217346191
4	-1.1855639219284058
5	-1.132280945777893
6	-1.3201557397842407
7	-1.180253028869629
8	-0.9750407934188843
9	-0.6888355016708374
10	-0.8306385278701782
11	-0.9267996549606323
12	-0.9334348440170288
13	-1.2877821922302246
14	-1.0214916467666626
15	-1.1488617658615112
16	-1.0479252338409424
17	-0.8971855640411377
18	-1.4005719423294067
19	-1.1124049425125122
