step	r_squared
0	-0.04171396791934967
1	-0.060633622109889984
2	-0.09025001525878906
3	-0.023611314594745636
4	-0.055205337703228
5	-0.037346310913562775
6	0.025295399129390717
7	-0.026430169120430946
8	-0.03565233573317528
9	0.019265901297330856
10	-0.05920225754380226
