step	r_squared
0	-1.1401758193969727
1	-0.9867515563964844
2	-1.053580403327942
3	-1.0572553873062134
4	-0.8929851651191711
5	-0.8708288073539734
6	-1.147046446800232
7	-0.9084784984588623
8	-0.8924598097801208
9	-1.4890615940093994
10	-1.3570926189422607
