step	root_mean_squared_error
0	56.12513732910156
1	56.1251106262207
2	56.125099182128906
3	56.12508010864258
4	56.125099182128906
5	56.125091552734375
6	56.125083923339844
7	56.12508010864258
8	56.125083923339844
9	56.12508010864258
10	56.125099182128906
