step	root_mean_squared_error
0	55.59461212158203
1	55.589229583740234
2	55.58784484863281
3	55.58723449707031
4	55.5869140625
5	55.58672332763672
6	55.586605072021484
7	55.586517333984375
8	55.586456298828125
9	55.5864143371582
10	55.58637237548828
