step	root_mean_squared_error
0	7.442925453186035
1	7.214498996734619
2	7.36029052734375
3	7.345513820648193
4	6.998095989227295
5	7.028860092163086
6	7.482277870178223
7	6.964284420013428
8	6.990920543670654
9	8.015288352966309
10	7.7514448165893555
