step	root_mean_squared_error
0	7.830198287963867
1	7.723297119140625
2	7.705342769622803
3	6.880616188049316
4	7.19264554977417
5	7.34218168258667
6	7.334713935852051
7	7.174855709075928
8	7.550930976867676
9	7.884242057800293
10	7.329067707061768
11	6.769078254699707
12	6.501816749572754
13	7.695466995239258
