step	root_mean_squared_error
0	7.517369270324707
1	7.418801784515381
2	7.37761926651001
3	8.18166732788086
4	7.49955940246582
5	7.422234058380127
6	7.521993637084961
7	7.5416154861450195
8	7.164477348327637
9	6.680959701538086
10	6.969210624694824
11	7.080362796783447
12	7.143464088439941
13	7.771291255950928
14	7.1795878410339355
15	7.439659595489502
16	7.293386459350586
17	7.081507682800293
18	7.79961633682251
19	7.386387825012207
