step	root_mean_squared_error
0	55.58625030517578
1	55.58626174926758
2	55.58624267578125
3	55.58625411987305
4	55.58625030517578
5	55.586246490478516
6	55.58624267578125
7	55.586246490478516
8	55.586246490478516
9	55.58625030517578
10	55.58624267578125
