step	root_mean_squared_error
0	7.688042163848877
1	7.695425987243652
2	7.49147891998291
3	7.350311279296875
4	7.360669136047363
5	7.362425804138184
6	7.446246147155762
7	7.361364364624023
8	7.585799217224121
9	7.266477584838867
10	7.327387809753418
