step	root_mean_squared_error
0	7.476217269897461
1	7.615473747253418
2	7.3572258949279785
3	7.3837714195251465
4	7.243526935577393
5	7.419964790344238
6	7.283344268798828
7	7.129150867462158
8	7.178327560424805
9	7.290843963623047
10	7.128345966339111
