step	root_mean_squared_error
0	54.01096725463867
1	48.38583755493164
2	39.30335998535156
3	27.336721420288086
4	15.818110466003418
5	9.422591209411621
6	7.8365254402160645
7	7.4404988288879395
8	7.74648380279541
9	7.4944891929626465
10	7.621486663818359
11	7.737588405609131
12	7.983890533447266
13	7.42202091217041
14	7.797842502593994
15	8.1093111038208
16	7.733476161956787
17	7.735291957855225
