step	root_mean_squared_error
0	2.0670173168182373
1	2.0948634147644043
2	2.1205949783325195
3	2.0569474697113037
4	2.0964362621307373
5	2.0803301334381104
6	2.0177085399627686
7	2.0647807121276855
8	2.0733165740966797
9	2.0124402046203613
10	2.0883846282958984
