step	root_mean_squared_error
0	26.306203842163086
1	6.720075607299805
2	6.498471736907959
3	7.154899597167969
4	6.526411533355713
5	7.247969627380371
6	6.629627704620361
7	6.540335178375244
8	6.850077152252197
9	6.784475803375244
10	7.042194366455078
11	6.855340957641602
12	6.583520412445068
