{
    "train": {
        "loss": 2.831930160522461,
        "mean_absolute_error": 1.3392646312713623,
        "mean_absolute_percentage_error": 24.444347381591797,
        "mean_squared_error": 2.831930160522461,
        "root_mean_squared_error": 1.6828340291976929,
        "r_squared": 0.10669273138046265
    },
    "eval": {
        "loss": 4.179073333740234,
        "mean_absolute_error": 1.7707560062408447,
        "mean_absolute_percentage_error": 27.01652717590332,
        "mean_squared_error": 4.179073333740234,
        "root_mean_squared_error": 2.044278383255005,
        "r_squared": -0.7900402545928955
    },
    "step": 16
}
