{
    "train": {
        "loss": 4.500770568847656,
        "mean_absolute_error": 4.500770568847656,
        "mean_absolute_percentage_error": 8.134330749511719,
        "mean_squared_error": 33.930419921875,
        "root_mean_squared_error": 5.8249831199646,
        "r_squared": 0.14740967750549316
    },
    "eval": {
        "loss": 6.636888027191162,
        "mean_absolute_error": 6.636888027191162,
        "mean_absolute_percentage_error": 10.639961242675781,
        "mean_squared_error": 64.07757568359375,
        "root_mean_squared_error": 8.004847526550293,
        "r_squared": -0.46096572279930115
    },
    "step": 12
}
