{
    "train": {
        "loss": 33.34830093383789,
        "mean_absolute_error": 4.517813682556152,
        "mean_absolute_percentage_error": 8.148030281066895,
        "mean_squared_error": 33.34830093383789,
        "root_mean_squared_error": 5.77479887008667,
        "r_squared": 0.16211208701133728
    },
    "eval": {
        "loss": 69.71611022949219,
        "mean_absolute_error": 6.972604751586914,
        "mean_absolute_percentage_error": 11.096697807312012,
        "mean_squared_error": 69.71611022949219,
        "root_mean_squared_error": 8.349617958068848,
        "r_squared": -0.5881977677345276
    },
    "step": 14
}
