{
    "train": {
        "loss": 29.506196975708008,
        "mean_absolute_error": 4.293810844421387,
        "mean_absolute_percentage_error": 7.722550868988037,
        "mean_squared_error": 29.506196975708008,
        "root_mean_squared_error": 5.431960582733154,
        "r_squared": 0.23707899451255798
    },
    "eval": {
        "loss": 84.8853759765625,
        "mean_absolute_error": 7.646168231964111,
        "mean_absolute_percentage_error": 12.185319900512695,
        "mean_squared_error": 84.8853759765625,
        "root_mean_squared_error": 9.213326454162598,
        "r_squared": -0.9001456499099731
    },
    "step": 18
}
