{
    "train": {
        "loss": 3123.4638671875,
        "mean_absolute_error": 55.504371643066406,
        "mean_absolute_percentage_error": 98.206787109375,
        "mean_squared_error": 3123.171630859375,
        "r2_score": -72.5911636352539,
        "root_mean_squared_error": 55.88795852661133
    },
    "eval": {
        "loss": 3687.8857421875,
        "mean_absolute_error": 60.34518051147461,
        "mean_absolute_percentage_error": 98.34768676757812,
        "mean_squared_error": 3688.165283203125,
        "r2_score": -78.28803253173828,
        "root_mean_squared_error": 60.727962493896484
    },
    "step": 10
}
