{
    "train": {
        "loss": 3420.6982421875,
        "mean_absolute_error": 58.06527328491211,
        "mean_absolute_percentage_error": 98.28308868408203,
        "mean_squared_error": 3420.6982421875,
        "root_mean_squared_error": 58.48673629760742,
        "custom_r_squared": -74.59105682373047
    },
    "eval": {
        "loss": 3186.452392578125,
        "mean_absolute_error": 55.661861419677734,
        "mean_absolute_percentage_error": 98.18521118164062,
        "mean_squared_error": 3186.452392578125,
        "root_mean_squared_error": 56.448673248291016,
        "custom_r_squared": -37.4958381652832
    },
    "step": 10
}
