{
    "train": {
        "loss": 757.5324096679688,
        "mean_absolute_error": 19.170839309692383,
        "mean_absolute_percentage_error": 33.81166458129883,
        "mean_squared_error": 757.5324096679688,
        "root_mean_squared_error": 27.52330780029297,
        "r_squared": -18.294025421142578
    },
    "eval": {
        "loss": 73.64834594726562,
        "mean_absolute_error": 7.1369757652282715,
        "mean_absolute_percentage_error": 11.385560989379883,
        "mean_squared_error": 73.64834594726562,
        "root_mean_squared_error": 8.58186149597168,
        "r_squared": -0.7055221796035767
    },
    "step": 0
}
