{
    "train": {
        "loss": 4.581508636474609,
        "mean_absolute_error": 4.581508636474609,
        "mean_absolute_percentage_error": 7.794256210327148,
        "mean_squared_error": 34.26838684082031,
        "root_mean_squared_error": 5.853920936584473,
        "r_squared": 0.2368825078010559
    },
    "eval": {
        "loss": 5.693935394287109,
        "mean_absolute_error": 5.693935394287109,
        "mean_absolute_percentage_error": 10.617752075195312,
        "mean_squared_error": 54.03696060180664,
        "root_mean_squared_error": 7.350983619689941,
        "r_squared": 0.10231913626194
    },
    "step": 12
}
