{
    "train": {
        "loss": 4.808528900146484,
        "mean_absolute_error": 4.808528900146484,
        "mean_absolute_percentage_error": 8.280553817749023,
        "mean_squared_error": 38.370086669921875,
        "root_mean_squared_error": 6.194359302520752,
        "r_squared": 0.21396233141422272
    },
    "eval": {
        "loss": 4.787026405334473,
        "mean_absolute_error": 4.787026405334473,
        "mean_absolute_percentage_error": 8.338994979858398,
        "mean_squared_error": 37.25550842285156,
        "root_mean_squared_error": 6.103728771209717,
        "r_squared": 0.29021456837654114
    },
    "step": 10
}
