{
    "train": {
        "loss": 5.101512432098389,
        "mean_absolute_error": 5.101512432098389,
        "mean_absolute_percentage_error": 9.050763130187988,
        "mean_squared_error": 42.62173843383789,
        "root_mean_squared_error": 6.5285325050354,
        "r_squared": 0.12351443618535995
    },
    "eval": {
        "loss": 4.525609970092773,
        "mean_absolute_error": 4.525609970092773,
        "mean_absolute_percentage_error": 7.798586845397949,
        "mean_squared_error": 32.82182312011719,
        "root_mean_squared_error": 5.729033946990967,
        "r_squared": -0.20441855490207672
    },
    "step": 10
}
