{
    "train": {
        "loss": 3.1022655963897705,
        "mean_absolute_error": 1.4241169691085815,
        "mean_absolute_percentage_error": 26.73502540588379,
        "mean_squared_error": 3.1022655963897705,
        "root_mean_squared_error": 1.7613250017166138,
        "r_squared": 0.12812882661819458
    },
    "eval": {
        "loss": 2.8412463665008545,
        "mean_absolute_error": 1.3042237758636475,
        "mean_absolute_percentage_error": 18.0331974029541,
        "mean_squared_error": 2.8412463665008545,
        "root_mean_squared_error": 1.685599684715271,
        "r_squared": -0.33279311656951904
    },
    "step": 20
}
