{
    "train": {
        "loss": 3309.442138671875,
        "mean_absolute_error": 57.01054763793945,
        "mean_absolute_percentage_error": 98.24542999267578,
        "mean_squared_error": 3309.442138671875,
        "root_mean_squared_error": 57.52775573730469,
        "custom_r_squared": -59.83131790161133
    },
    "eval": {
        "loss": 3631.517578125,
        "mean_absolute_error": 59.88113784790039,
        "mean_absolute_percentage_error": 98.3355484008789,
        "mean_squared_error": 3631.517578125,
        "root_mean_squared_error": 60.2620735168457,
        "custom_r_squared": -85.86735534667969
    },
    "step": 10
}
