{
    "train": {
        "loss": 39.88003921508789,
        "mean_absolute_error": 4.966440677642822,
        "mean_absolute_percentage_error": 8.755398750305176,
        "mean_squared_error": 39.88003921508789,
        "root_mean_squared_error": 6.315064430236816,
        "r_squared": 0.28676024079322815
    },
    "eval": {
        "loss": 49.260528564453125,
        "mean_absolute_error": 5.685103893280029,
        "mean_absolute_percentage_error": 9.51057243347168,
        "mean_squared_error": 49.260528564453125,
        "root_mean_squared_error": 7.018584728240967,
        "r_squared": -0.14431434869766235
    },
    "step": 14
}
