{
    "train": {
        "loss": 4.836266994476318,
        "mean_absolute_error": 4.836266994476318,
        "mean_absolute_percentage_error": 8.32558536529541,
        "mean_squared_error": 38.78199768066406,
        "root_mean_squared_error": 6.227519512176514,
        "r_squared": 0.2025526911020279
    },
    "eval": {
        "loss": 4.808322906494141,
        "mean_absolute_error": 4.808322906494141,
        "mean_absolute_percentage_error": 8.398759841918945,
        "mean_squared_error": 37.32270431518555,
        "root_mean_squared_error": 6.109230995178223,
        "r_squared": 0.2921845316886902
    },
    "step": 10
}
