{
    "train": {
        "loss": 25.95526123046875,
        "mean_absolute_error": 4.037106513977051,
        "mean_absolute_percentage_error": 7.164322376251221,
        "mean_squared_error": 25.95526123046875,
        "root_mean_squared_error": 5.094630718231201,
        "r_squared": 0.4555247724056244
    },
    "eval": {
        "loss": 38.00958251953125,
        "mean_absolute_error": 4.893858432769775,
        "mean_absolute_percentage_error": 8.604804992675781,
        "mean_squared_error": 38.00958251953125,
        "root_mean_squared_error": 6.165191173553467,
        "r_squared": -0.37944337725639343
    },
    "step": 34
}
