{
    "train": {
        "loss": 786.6262817382812,
        "mean_absolute_error": 19.675357818603516,
        "mean_absolute_percentage_error": 34.226810455322266,
        "mean_squared_error": 786.6262817382812,
        "root_mean_squared_error": 28.046855926513672,
        "r_squared": -15.898046493530273
    },
    "eval": {
        "loss": 35.61865997314453,
        "mean_absolute_error": 4.65942907333374,
        "mean_absolute_percentage_error": 8.131852149963379,
        "mean_squared_error": 35.61865997314453,
        "root_mean_squared_error": 5.968136787414551,
        "r_squared": -0.2695702016353607
    },
    "step": 0
}
