{
    "train": {
        "loss": 5.037589073181152,
        "mean_absolute_error": 5.037589073181152,
        "mean_absolute_percentage_error": 8.742999076843262,
        "mean_squared_error": 41.353424072265625,
        "root_mean_squared_error": 6.430663108825684,
        "r_squared": 0.1962517946958542
    },
    "eval": {
        "loss": 4.112578392028809,
        "mean_absolute_error": 4.112578392028809,
        "mean_absolute_percentage_error": 6.78472900390625,
        "mean_squared_error": 29.536046981811523,
        "root_mean_squared_error": 5.4347076416015625,
        "r_squared": 0.2908901572227478
    },
    "step": 10
}
