{
    "train": {
        "loss": 5.010031700134277,
        "mean_absolute_error": 5.010069847106934,
        "mean_absolute_percentage_error": 8.7018461227417,
        "mean_squared_error": 41.13398361206055,
        "root_mean_squared_error": 6.413578033447266,
        "r_squared": 0.19973039627075195
    },
    "eval": {
        "loss": 3.961941957473755,
        "mean_absolute_error": 3.962881565093994,
        "mean_absolute_percentage_error": 6.712186336517334,
        "mean_squared_error": 27.30204200744629,
        "root_mean_squared_error": 5.225135803222656,
        "r_squared": 0.3480904698371887
    },
    "step": 10
}
