{
    "train": {
        "loss": 3289.520263671875,
        "mean_absolute_error": 56.93229293823242,
        "mean_absolute_percentage_error": 98.24885559082031,
        "mean_squared_error": 3289.520263671875,
        "r2_score": -67.19475555419922,
        "root_mean_squared_error": 57.354339599609375
    },
    "eval": {
        "loss": 3023.63623046875,
        "mean_absolute_error": 54.64223098754883,
        "mean_absolute_percentage_error": 98.18093872070312,
        "mean_squared_error": 3023.63623046875,
        "r2_score": -78.8535385131836,
        "root_mean_squared_error": 54.98759841918945
    },
    "step": 10
}
