{
    "train": {
        "loss": 37.69478988647461,
        "mean_absolute_error": 4.837178707122803,
        "mean_absolute_percentage_error": 8.552155494689941,
        "mean_squared_error": 37.69478988647461,
        "root_mean_squared_error": 6.139607906341553,
        "r_squared": 0.31825825572013855
    },
    "eval": {
        "loss": 47.659584045410156,
        "mean_absolute_error": 5.504919528961182,
        "mean_absolute_percentage_error": 9.218409538269043,
        "mean_squared_error": 47.659584045410156,
        "root_mean_squared_error": 6.903592109680176,
        "r_squared": -0.017766684293746948
    },
    "step": 19
}
