{
    "train": {
        "loss": 26.85584831237793,
        "mean_absolute_error": 4.089524745941162,
        "mean_absolute_percentage_error": 7.176102638244629,
        "mean_squared_error": 26.85584831237793,
        "root_mean_squared_error": 5.182262897491455,
        "r_squared": 0.37890276312828064
    },
    "eval": {
        "loss": 49.67925262451172,
        "mean_absolute_error": 5.59183406829834,
        "mean_absolute_percentage_error": 10.472307205200195,
        "mean_squared_error": 49.67925262451172,
        "root_mean_squared_error": 7.048351287841797,
        "r_squared": -0.2112666368484497
    },
    "step": 29
}
