{
    "train": {
        "loss": 4.829018592834473,
        "mean_absolute_error": 4.829018592834473,
        "mean_absolute_percentage_error": 8.471202850341797,
        "mean_squared_error": 38.69856643676758,
        "root_mean_squared_error": 6.2208170890808105,
        "r_squared": 0.1220584288239479
    },
    "eval": {
        "loss": 5.05991268157959,
        "mean_absolute_error": 5.05991268157959,
        "mean_absolute_percentage_error": 9.514121055603027,
        "mean_squared_error": 40.913509368896484,
        "root_mean_squared_error": 6.396367073059082,
        "r_squared": 0.007411472033709288
    },
    "step": 18
}
