{
    "train": {
        "loss": 796.8096313476562,
        "mean_absolute_error": 19.724828720092773,
        "mean_absolute_percentage_error": 33.995323181152344,
        "mean_squared_error": 796.8096313476562,
        "root_mean_squared_error": 28.227819442749023,
        "r_squared": -17.8115291595459
    },
    "eval": {
        "loss": 51.92029571533203,
        "mean_absolute_error": 5.671541213989258,
        "mean_absolute_percentage_error": 10.614495277404785,
        "mean_squared_error": 51.92029571533203,
        "root_mean_squared_error": 7.2055745124816895,
        "r_squared": -0.2313675880432129
    },
    "step": 0
}
