{
    "train": {
        "loss": 3311.283447265625,
        "mean_absolute_error": 57.03432083129883,
        "mean_absolute_percentage_error": 98.24644470214844,
        "mean_squared_error": 3311.283447265625,
        "root_mean_squared_error": 57.54375457763672,
        "custom_r_squared": -60.63227462768555
    },
    "eval": {
        "loss": 3624.09033203125,
        "mean_absolute_error": 59.78559112548828,
        "mean_absolute_percentage_error": 98.33133697509766,
        "mean_squared_error": 3624.09033203125,
        "root_mean_squared_error": 60.20042037963867,
        "custom_r_squared": -78.96483612060547
    },
    "step": 10
}
