{
    "train": {
        "loss": 2.8433713912963867,
        "mean_absolute_error": 1.336885929107666,
        "mean_absolute_percentage_error": 23.93606185913086,
        "mean_squared_error": 2.8433713912963867,
        "root_mean_squared_error": 1.6862298250198364,
        "r_squared": 0.10308165848255157
    },
    "eval": {
        "loss": 4.127423286437988,
        "mean_absolute_error": 1.6531802415847778,
        "mean_absolute_percentage_error": 33.816009521484375,
        "mean_squared_error": 4.127423286437988,
        "root_mean_squared_error": 2.0316061973571777,
        "r_squared": -0.14809054136276245
    },
    "step": 10
}
