step	custom_r_squared
0	-77.98762512207031
1	-78.50758361816406
2	-78.48530578613281
3	-78.16683197021484
4	-77.90093994140625
5	-77.85651397705078
6	-78.61686706542969
7	-77.78167724609375
8	-78.41618347167969
9	-78.48064422607422
10	-78.96483612060547
