step	loss
0	4.468473434448242
1	4.238786697387695
2	4.142762184143066
3	4.087427616119385
4	4.018707752227783
5	3.9925808906555176
6	3.9697256088256836
7	3.962604522705078
8	3.9556069374084473
9	3.9769787788391113
10	3.961941957473755
