step	loss
0	4.1256208419799805
1	4.273595809936523
2	4.402279853820801
3	4.258687496185303
4	4.200882434844971
5	4.579248428344727
6	4.173087120056152
7	3.9776053428649902
8	4.4052934646606445
9	4.236530780792236
10	4.127423286437988
