step	loss
0	4.877476692199707
1	4.261445999145508
2	4.101154804229736
3	4.223512172698975
4	4.166139602661133
5	4.027453422546387
6	4.024921894073486
7	3.987781286239624
8	4.055879592895508
9	3.9956533908843994
10	4.081140041351318
11	3.971266508102417
