step	loss
0	4.439440727233887
1	4.25945520401001
2	4.254456520080566
3	4.015920162200928
4	4.090644836425781
5	3.9603495597839355
6	3.9845457077026367
7	3.971238136291504
8	3.951627016067505
9	3.9719064235687256
10	4.112578392028809
