step	loss
0	907.8394165039062
1	53.12348175048828
2	74.88346862792969
3	63.84598922729492
4	49.1002197265625
5	55.585330963134766
6	49.43711471557617
7	48.55374526977539
8	54.229248046875
9	45.582664489746094
10	51.070152282714844
11	48.53363037109375
12	48.39683532714844
13	49.26103591918945
14	48.17704772949219
15	49.78563690185547
16	50.84168243408203
17	46.96564865112305
18	51.69588851928711
19	47.659584045410156
