step	loss
0	3023.62353515625
1	3023.6240234375
2	3023.62451171875
3	3023.624755859375
4	3023.62451171875
5	3023.624267578125
6	3023.624267578125
7	3023.624267578125
8	3023.625244140625
9	3023.6240234375
10	3023.624267578125
