step	loss
0	3624.0966796875
1	3624.092041015625
2	3624.0927734375
3	3624.0927734375
4	3624.091796875
5	3624.09033203125
6	3624.088623046875
7	3624.093505859375
8	3624.09033203125
9	3624.093017578125
10	3624.09033203125
