step	mean_absolute_percentage_error
0	8.391263961791992
1	7.196892261505127
2	6.850318431854248
3	7.234528541564941
4	7.122878551483154
5	6.7206244468688965
6	6.836204528808594
7	6.76206111907959
8	6.900711536407471
9	6.798755168914795
10	6.9671630859375
11	6.731856346130371
