step	mean_absolute_percentage_error
0	98.19352722167969
1	98.18536376953125
2	98.1832046508789
3	98.18226623535156
4	98.18174743652344
5	98.18144989013672
6	98.18128967285156
7	98.18114471435547
8	98.18104553222656
9	98.18094635009766
10	98.18093872070312
