step	mean_absolute_error
0	5.608895301818848
1	5.512988567352295
2	5.475498676300049
3	5.447985649108887
4	5.2410759925842285
5	5.175390243530273
6	5.138031005859375
7	5.3759026527404785
8	5.067630767822266
9	4.954661846160889
10	5.142433166503906
11	4.954753875732422
12	5.104061603546143
13	5.380240440368652
14	5.413821697235107
15	5.042235851287842
16	5.17484712600708
17	4.98481559753418
18	5.05991268157959
