step	mean_squared_error
0	50.364830017089844
1	49.05067443847656
2	48.27718734741211
3	47.091270446777344
4	44.376949310302734
5	42.218135833740234
6	42.61034393310547
7	45.72949981689453
8	40.49422836303711
9	38.736907958984375
10	41.82766342163086
11	38.990543365478516
12	41.38798141479492
13	45.77023696899414
14	46.07124710083008
15	40.340450286865234
16	42.8625373840332
17	39.90911102294922
18	40.913509368896484
