step	mean_absolute_percentage_error
0	33.816890716552734
1	34.70082473754883
2	36.10171890258789
3	34.97321701049805
4	34.46018981933594
5	37.147010803222656
6	34.521366119384766
7	32.85802459716797
8	35.68924331665039
9	35.040828704833984
10	33.816009521484375
