step	mean_absolute_percentage_error
0	98.18016052246094
1	98.18054962158203
2	98.18118286132812
3	98.18104553222656
4	98.18055725097656
5	98.18081665039062
6	98.18033599853516
7	98.18053436279297
8	98.18082427978516
9	98.18120574951172
10	98.18064880371094
