step	mean_absolute_percentage_error
0	10.579157829284668
1	10.341608047485352
2	10.291139602661133
3	10.259885787963867
4	9.84506893157959
5	9.649518013000488
6	9.659788131713867
7	10.2055082321167
8	9.46509075164795
9	9.189840316772461
10	9.662556648254395
11	9.205052375793457
12	9.576166152954102
13	10.225584983825684
14	10.288877487182617
15	9.45232105255127
16	9.78250503540039
17	9.31513786315918
18	9.514121055603027
