step	mean_absolute_percentage_error
0	98.33139038085938
1	98.33134460449219
2	98.33133697509766
3	98.33132934570312
4	98.33133697509766
5	98.33132934570312
6	98.33130645751953
7	98.33129119873047
8	98.33134460449219
9	98.331298828125
10	98.33133697509766
