step	mean_absolute_percentage_error
0	7.472756862640381
1	7.073758125305176
2	7.289937496185303
3	6.7143168449401855
4	6.962526798248291
5	6.626978874206543
6	6.757646560668945
7	6.721678256988525
8	6.667500019073486
9	6.650167942047119
10	6.78472900390625
