step	mean_absolute_percentage_error
0	10.410237312316895
1	10.682650566101074
2	10.355201721191406
3	10.403764724731445
4	10.015607833862305
5	10.06287956237793
6	9.739325523376465
7	10.051100730895996
8	10.051485061645508
9	9.819610595703125
10	10.133540153503418
