step	mean_absolute_percentage_error
0	47.81233215332031
1	9.727925300598145
2	11.494747161865234
3	10.57181453704834
4	9.28998851776123
5	9.848287582397461
6	9.271169662475586
7	9.267382621765137
8	9.790095329284668
9	9.026147842407227
10	9.49644947052002
11	9.197420120239258
12	9.201906204223633
13	9.320816040039062
14	9.238275527954102
15	9.380749702453613
16	9.491161346435547
17	9.101001739501953
18	9.577008247375488
19	9.218409538269043
