step	mean_absolute_error
0	29.318870544433594
1	5.733264923095703
2	7.067594051361084
3	6.454498291015625
4	5.5761847496032715
5	5.98476505279541
6	5.60845422744751
7	5.501929759979248
8	5.968448638916016
9	5.381564617156982
10	5.771072864532471
11	5.548863410949707
12	5.516432285308838
13	5.612049102783203
14	5.563764572143555
15	5.674292087554932
16	5.720914363861084
17	5.4834208488464355
18	5.792590141296387
19	5.504919528961182
