step	mean_absolute_error
0	54.625083923339844
1	54.63701248168945
2	54.6580696105957
3	54.649723052978516
4	54.63811111450195
5	54.64449691772461
6	54.629554748535156
7	54.63950729370117
8	54.64429473876953
9	54.656700134277344
10	54.64237594604492
