step	mean_squared_error
0	37.55118179321289
1	31.59491729736328
2	29.573389053344727
3	29.996397018432617
4	29.26448631286621
5	28.336807250976562
6	27.726062774658203
7	27.560632705688477
8	28.217937469482422
9	27.690153121948242
10	28.081117630004883
11	27.269926071166992
