step	mean_squared_error
0	33.82682800292969
1	31.71784019470215
2	30.40508270263672
3	28.579856872558594
4	28.071918487548828
5	27.678407669067383
6	27.62323570251465
7	27.670995712280273
8	27.227108001708984
9	27.667787551879883
10	29.536046981811523
