step	mean_absolute_error
0	5.539453506469727
1	5.686700344085693
2	5.516016483306885
3	5.5193190574646
4	5.315655708312988
5	5.350457191467285
6	5.1950364112854
7	5.3194427490234375
8	5.305661201477051
9	5.205102443695068
10	5.337623119354248
