step	mean_squared_error
0	34.97160720825195
1	31.603012084960938
2	30.11249351501465
3	29.202556610107422
4	28.294681549072266
5	27.927248001098633
6	27.776151657104492
7	27.606889724731445
8	27.527851104736328
9	27.811464309692383
10	27.30204200744629
