step	mean_squared_error
0	48.89212417602539
1	52.163238525390625
2	48.827110290527344
3	48.701961517333984
4	45.41575622558594
5	45.18572998046875
6	42.568363189697266
7	44.568603515625
8	44.3403205871582
9	43.04319381713867
10	44.794944763183594
