step	mean_squared_error
0	3021.725341796875
1	3023.080322265625
2	3025.50341796875
3	3024.336181640625
4	3023.177490234375
5	3023.84228515625
6	3022.2099609375
7	3023.47265625
8	3023.818359375
9	3025.237548828125
10	3023.755126953125
