step	mean_absolute_error
0	54.64918518066406
1	54.64466857910156
2	54.643470764160156
3	54.6429557800293
4	54.64268493652344
5	54.64253616333008
6	54.64241409301758
7	54.64235305786133
8	54.64229965209961
9	54.64226531982422
10	54.64223098754883
