step	mean_absolute_error
0	1.648389220237732
1	1.6878705024719238
2	1.7264325618743896
3	1.6971931457519531
4	1.6650466918945312
5	1.7738138437271118
6	1.6767321825027466
7	1.6177085638046265
8	1.7106207609176636
9	1.6884700059890747
10	1.6531802415847778
