step	mean_absolute_error
0	4.475706577301025
1	4.244808197021484
2	4.139945030212402
3	4.084142208099365
4	4.016711235046387
5	3.993318557739258
6	3.9756033420562744
7	3.9646613597869873
8	3.9546103477478027
9	3.9812235832214355
10	3.962881565093994
