step	mean_squared_error
0	3024.392333984375
1	3023.901123046875
2	3023.770751953125
3	3023.716064453125
4	3023.6865234375
5	3023.66845703125
6	3023.656982421875
7	3023.649658203125
8	3023.64306640625
9	3023.63916015625
10	3023.63623046875
