step	mean_absolute_error
0	59.78562927246094
1	59.78560256958008
2	59.785579681396484
3	59.785560607910156
4	59.78557586669922
5	59.78560256958008
6	59.78559494018555
7	59.78559494018555
8	59.78559494018555
9	59.78559494018555
10	59.78559112548828
