step	mean_absolute_percentage_error
0	7.506897449493408
1	7.054230690002441
2	6.903375148773193
3	6.885909557342529
4	6.777992248535156
5	6.7519659996032715
6	6.693723678588867
7	6.66270112991333
8	6.637840270996094
9	6.642491817474365
10	6.712186336517334
