step	r2_score
0	-78.87672424316406
1	-78.86311340332031
2	-78.86288452148438
3	-78.85822296142578
4	-78.859375
5	-78.85696411132812
6	-78.86052703857422
7	-78.85903930664062
8	-78.85243225097656
9	-78.85812377929688
10	-78.8535385131836
