step	r_squared
0	0.15083567798137665
1	0.23771542310714722
2	0.2756706178188324
3	0.29874059557914734
4	0.3283931016921997
5	0.3316133916378021
6	0.3321949243545532
7	0.3343396782875061
8	0.3404789865016937
9	0.333398699760437
10	0.3480904698371887
