step	r_squared
0	0.08200997859239578
1	0.23504704236984253
2	0.2946235239505768
3	0.27765437960624695
4	0.2932482659816742
5	0.32763078808784485
6	0.3342355191707611
7	0.34078270196914673
8	0.30804771184921265
9	0.33635708689689636
10	0.32882076501846313
11	0.34176525473594666
