step	r_squared
0	-18.949493408203125
1	-0.1331636756658554
2	-0.6232733726501465
3	-0.38164979219436646
4	-0.05094049125909805
5	-0.20191648602485657
6	-0.0548359751701355
7	-0.040381088852882385
8	-0.16347630321979523
9	0.032615404576063156
10	-0.0977829173207283
11	-0.03718005493283272
12	-0.029447995126247406
13	-0.05633384361863136
14	-0.02246665023267269
15	-0.06239169463515282
16	-0.08604883402585983
17	-0.0012805239530280232
18	-0.11000952124595642
19	-0.017766684293746948
