step	r_squared
0	0.18212386965751648
1	0.24013347923755646
2	0.26820600032806396
3	0.3247818946838379
4	0.3289300799369812
5	0.33004385232925415
6	0.34352314472198486
7	0.33476340770721436
8	0.3377760052680969
9	0.3444571793079376
10	0.2908901572227478
