step	r_squared
0	-0.14382687211036682
1	-0.19668947160243988
2	-0.2464178204536438
3	-0.1885683238506317
4	-0.17709457874298096
5	-0.28940460085868835
6	-0.1694042980670929
7	-0.1015164703130722
8	-0.2347458153963089
9	-0.18204040825366974
10	-0.14809054136276245
