step	r_squared
0	-0.16666088998317719
1	-0.26942703127861023
2	-0.18437500298023224
3	-0.20117515325546265
4	-0.09682434797286987
5	-0.10805858671665192
6	-0.03405915945768356
7	-0.07915252447128296
8	-0.05779140815138817
9	-0.040965791791677475
10	-0.0709545910358429
