step	r_squared
0	-0.22061248123645782
1	-0.17435552179813385
2	-0.15725243091583252
3	-0.14205476641654968
4	-0.06837162375450134
5	-0.023845460265874863
6	-0.02793889120221138
7	-0.12267197668552399
8	0.027774523943662643
9	0.036843765527009964
10	-0.0026202525477856398
11	0.051587872207164764
12	0.009842710569500923
13	-0.10626368224620819
14	-0.10709811002016068
15	0.011595617048442364
16	-0.036429163068532944
17	0.030521336942911148
18	0.007411472033709288
