step	root_mean_squared_error
0	2.0311625003814697
1	2.067267656326294
2	2.098160982131958
3	2.0636587142944336
4	2.049605369567871
5	2.1399178504943848
6	2.042813777923584
7	1.9943933486938477
8	2.098879098892212
9	2.058283567428589
10	2.0316061973571777
