step	root_mean_squared_error
0	5.816083908081055
1	5.631859302520752
2	5.51408052444458
3	5.346013069152832
4	5.2982940673828125
5	5.2610273361206055
6	5.255781173706055
7	5.2603230476379395
8	5.217960357666016
9	5.2600178718566895
10	5.4347076416015625
