step	root_mean_squared_error
0	60.200469970703125
1	60.200435638427734
2	60.200439453125
3	60.200439453125
4	60.2004280090332
5	60.20042037963867
6	60.200408935546875
7	60.20044708251953
8	60.20042037963867
9	60.200439453125
10	60.20042037963867
