step	root_mean_squared_error
0	54.994476318359375
1	54.99000930786133
2	54.98882293701172
3	54.98832702636719
4	54.98805618286133
5	54.987892150878906
6	54.987789154052734
7	54.98772048950195
8	54.98766326904297
9	54.98762512207031
10	54.98759841918945
