step	root_mean_squared_error
0	54.987483978271484
1	54.98748779296875
2	54.987491607666016
3	54.98749542236328
4	54.987491607666016
5	54.987491607666016
6	54.987491607666016
7	54.987491607666016
8	54.98749923706055
9	54.98748779296875
10	54.987491607666016
