step	root_mean_squared_error
0	6.127902030944824
1	5.620935916900635
2	5.4381422996521
3	5.4768967628479
4	5.409666061401367
5	5.323232650756836
6	5.265554904937744
7	5.24982213973999
8	5.312055587768555
9	5.262143611907959
10	5.299161911010742
11	5.222061634063721
