step	root_mean_squared_error
0	7.096818447113037
1	7.0036187171936035
2	6.948179244995117
3	6.862308025360107
4	6.66160249710083
5	6.497548580169678
6	6.5276594161987305
7	6.762358665466309
8	6.3635077476501465
9	6.223897933959961
10	6.46743106842041
11	6.244241237640381
12	6.433349132537842
13	6.765370845794678
14	6.787580490112305
15	6.351413726806641
16	6.5469489097595215
17	6.317365646362305
18	6.396367073059082
