step	root_mean_squared_error
0	5.913679599761963
1	5.6216559410095215
2	5.487484931945801
3	5.4039387702941895
4	5.319274425506592
5	5.284623622894287
6	5.270308494567871
7	5.254225730895996
8	5.24669885635376
9	5.27365779876709
10	5.225135803222656
