step	root_mean_squared_error
0	30.130374908447266
1	7.288585662841797
2	8.653523445129395
3	7.990368843078613
4	7.00715446472168
5	7.455557346343994
6	7.031153202056885
7	6.968051910400391
8	7.364051342010498
9	6.751492977142334
10	7.14633846282959
11	6.966608047485352
12	6.956783771514893
13	7.018620491027832
14	6.940968990325928
15	7.055893421173096
16	7.130335330963135
17	6.853148937225342
18	7.189985275268555
19	6.903592109680176
