step	root_mean_squared_error
0	6.992290496826172
1	7.222412109375
2	6.987640380859375
3	6.978679180145264
4	6.739121437072754
5	6.722033500671387
6	6.52444314956665
7	6.6759724617004395
8	6.658852577209473
9	6.560730934143066
10	6.692902565002441
