step	custom_r_squared
0	-86.08226776123047
1	-86.22418212890625
2	-85.94940948486328
3	-86.42877197265625
4	-86.79046630859375
5	-86.2448959350586
6	-85.96556854248047
7	-86.88243865966797
8	-85.3356704711914
9	-86.32463836669922
10	-85.86735534667969
