step	loss
0	3250.5791015625
1	3249.902099609375
2	3249.7314453125
3	3249.65966796875
4	3249.6220703125
5	3249.600830078125
6	3249.585693359375
7	3249.575927734375
8	3249.569580078125
9	3249.5654296875
10	3249.56103515625
11	3249.5576171875
12	3249.556396484375
13	3249.5546875
14	3249.553466796875
15	3249.55126953125
16	3249.550048828125
17	3249.550048828125
