step	loss
0	36.33076858520508
1	36.92457580566406
2	35.915618896484375
3	32.8773307800293
4	31.51483154296875
5	31.588407516479492
6	31.726116180419922
7	30.959228515625
8	29.98494529724121
9	30.175704956054688
10	29.93522071838379
