step	loss
0	3249.547119140625
1	3249.546630859375
2	3249.5478515625
3	3249.546142578125
4	3249.54541015625
5	3249.54736328125
6	3249.546630859375
7	3249.547607421875
8	3249.546142578125
9	3249.546142578125
10	3249.547119140625
