step	loss
0	3.064063310623169
1	2.9985709190368652
2	2.9999170303344727
3	2.751271963119507
4	3.210521936416626
5	2.9241342544555664
6	2.8670973777770996
7	2.771289110183716
8	2.7022271156311035
9	2.8188271522521973
10	2.558846950531006
11	2.7021961212158203
12	2.8705694675445557
13	2.8121888637542725
14	2.698810577392578
15	2.822516918182373
16	2.866215705871582
17	2.938647985458374
18	2.66312313079834
19	2.803271770477295
20	2.8412463665008545
