step	loss
0	5.308542251586914
1	5.128803730010986
2	5.005546569824219
3	4.9179887771606445
4	4.940707683563232
5	4.87776517868042
6	4.871825218200684
7	4.8434014320373535
8	4.853023052215576
9	4.817796230316162
10	4.808322906494141
