step	loss
0	5.2342071533203125
1	5.081727504730225
2	4.906891345977783
3	4.87455415725708
4	4.855612754821777
5	4.859927654266357
6	4.8033447265625
7	4.81928825378418
8	4.810427188873291
9	4.846083641052246
10	4.847576141357422
