step	loss
0	3631.53955078125
1	3631.5234375
2	3631.521240234375
3	3631.520263671875
4	3631.519775390625
5	3631.517578125
6	3631.51953125
7	3631.5185546875
8	3631.517822265625
9	3631.517822265625
10	3631.517578125
