step	loss
0	4.677882194519043
1	4.809068202972412
2	4.789361476898193
3	4.492135047912598
4	4.729281902313232
5	4.538412570953369
6	4.721852779388428
7	4.611709117889404
8	4.461598873138428
9	4.378763675689697
10	4.525609970092773
