step	mean_absolute_percentage_error
0	46.99622344970703
1	11.064777374267578
2	9.951373100280762
3	10.446223258972168
4	9.5471830368042
5	10.453850746154785
6	9.878223419189453
7	10.168905258178711
8	10.325374603271484
9	9.601405143737793
10	9.762277603149414
11	9.828192710876465
12	9.576190948486328
13	10.6991548538208
14	9.51057243347168
