step	mean_absolute_percentage_error
0	98.25128173828125
1	98.25130462646484
2	98.2520980834961
3	98.25192260742188
4	98.25167846679688
5	98.25167846679688
6	98.25160217285156
7	98.251708984375
8	98.25101470947266
9	98.25189971923828
10	98.25151062011719
