step	mean_squared_error
0	45.61347198486328
1	42.455692291259766
2	40.76033401489258
3	39.18953323364258
4	38.99399185180664
5	38.433597564697266
6	38.16413497924805
7	37.78343200683594
8	38.131221771240234
9	37.69655227661133
10	37.32270431518555
