step	mean_absolute_percentage_error
0	9.193875312805176
1	8.799286842346191
2	8.515650749206543
3	8.692373275756836
4	8.446634292602539
5	8.45120620727539
6	8.427263259887695
7	8.415799140930176
8	8.670782089233398
9	8.643101692199707
10	8.338994979858398
