step	mean_squared_error
0	45.895469665527344
1	41.63777160644531
2	39.63872146606445
3	39.68382263183594
4	38.57264709472656
5	37.86990737915039
6	37.9386100769043
7	37.58734893798828
8	39.16205596923828
9	38.677955627441406
10	37.25550842285156
