step	mean_absolute_percentage_error
0	8.160768508911133
1	8.151589393615723
2	8.106217384338379
3	7.802175521850586
4	7.618674278259277
5	7.705886363983154
6	7.6443915367126465
7	7.550135135650635
8	7.430769443511963
9	7.4969258308410645
10	7.479949951171875
