step	mean_absolute_percentage_error
0	98.26780700683594
1	98.25729370117188
2	98.25469207763672
3	98.25355529785156
4	98.25297546386719
5	98.25261688232422
6	98.25241088867188
7	98.2522201538086
8	98.25213623046875
9	98.25202941894531
10	98.2519760131836
11	98.251953125
12	98.25189208984375
13	98.25186157226562
14	98.25186920166016
15	98.25186920166016
16	98.25186157226562
17	98.25182342529297
