step	mean_absolute_percentage_error
0	9.188453674316406
1	8.945014953613281
2	8.643515586853027
3	8.545933723449707
4	8.511521339416504
5	8.457876205444336
6	8.468111038208008
7	8.450392723083496
8	8.346138000488281
9	8.379268646240234
10	8.398759841918945
