step	mean_absolute_percentage_error
0	9.124133110046387
1	8.699895858764648
2	8.550227165222168
3	8.418749809265137
4	8.429681777954102
5	8.477921485900879
6	8.366216659545898
7	8.328764915466309
8	8.389724731445312
9	8.507922172546387
10	8.49336051940918
