step	mean_absolute_error
0	1.3617439270019531
1	1.3530447483062744
2	1.3403569459915161
3	1.2782224416732788
4	1.4185324907302856
5	1.332945466041565
6	1.3234633207321167
7	1.2859375476837158
8	1.2666693925857544
9	1.2903687953948975
10	1.234192967414856
11	1.2749338150024414
12	1.308900237083435
13	1.3002640008926392
14	1.2705078125
15	1.2998316287994385
16	1.3154281377792358
17	1.3362594842910767
18	1.255416989326477
19	1.287968635559082
20	1.3042237758636475
