step	mean_absolute_percentage_error
0	98.33586120605469
1	98.33564758300781
2	98.33564758300781
3	98.33558654785156
4	98.33558654785156
5	98.3355712890625
6	98.33558654785156
7	98.3355484008789
8	98.33557891845703
9	98.33558654785156
10	98.3355484008789
