step	mean_absolute_error
0	5.228496551513672
1	5.081846714019775
2	4.909784317016602
3	4.887019157409668
4	4.854641437530518
5	4.8561248779296875
6	4.799752235412598
7	4.820006370544434
8	4.80300760269165
9	4.850257396697998
10	4.851968765258789
