step	mean_squared_error
0	44.757347106933594
1	41.5047607421875
2	39.222679138183594
3	38.59806442260742
4	38.2136344909668
5	38.15225601196289
6	37.5914421081543
7	37.674869537353516
8	37.526695251464844
9	38.003570556640625
10	37.974185943603516
