step	mean_absolute_error
0	5.312824726104736
1	5.083163738250732
2	4.943478107452393
3	4.953115463256836
4	4.877518653869629
5	4.8731184005737305
6	4.816755771636963
7	4.819993019104004
8	4.902639389038086
9	4.895256996154785
10	4.787026405334473
