step	mean_absolute_percentage_error
0	18.734325408935547
1	18.764699935913086
2	18.71465492248535
3	18.035200119018555
4	19.325082778930664
5	18.641984939575195
6	18.283754348754883
7	18.211244583129883
8	17.791757583618164
9	18.05282974243164
10	17.644107818603516
11	17.97015380859375
12	18.17898941040039
13	18.135648727416992
14	18.062196731567383
15	17.824411392211914
16	18.3869571685791
17	18.485496520996094
18	17.715208053588867
19	18.045881271362305
20	18.0331974029541
