step	mean_absolute_error
0	59.88130187988281
1	59.88116455078125
2	59.881141662597656
3	59.881160736083984
4	59.881107330322266
5	59.88112258911133
6	59.88113021850586
7	59.88114547729492
8	59.881103515625
9	59.88113784790039
10	59.88113784790039
