step	mean_absolute_percentage_error
0	8.186993598937988
1	8.385332107543945
2	8.263470649719238
3	7.883229732513428
4	8.146256446838379
5	7.879446506500244
6	8.147862434387207
7	7.957458019256592
8	7.730326175689697
9	7.614062309265137
10	7.798586845397949
