step	mean_absolute_error
0	4.710995674133301
1	4.706528186798096
2	4.679111480712891
3	4.45061731338501
4	4.348451137542725
5	4.373194694519043
6	4.385542392730713
7	4.333733081817627
8	4.2810258865356445
9	4.317770004272461
10	4.281273365020752
