step	mean_squared_error
0	36.18626022338867
1	37.50010681152344
2	36.43857192993164
3	33.37190628051758
4	35.45169448852539
5	33.18339157104492
6	35.23341751098633
7	33.50674819946289
8	31.875160217285156
9	30.86374855041504
10	32.82182312011719
