step	mean_squared_error
0	883.9608764648438
1	66.465576171875
2	53.50838851928711
3	58.39733123779297
4	48.777103424072266
5	59.07130432128906
6	52.19856262207031
7	56.5739860534668
8	57.4113655090332
9	49.658912658691406
10	51.9721565246582
11	52.38871383666992
12	49.821678161621094
13	62.95618438720703
14	49.260528564453125
