step	mean_absolute_error
0	56.71446990966797
1	56.7155647277832
2	56.74113464355469
3	56.7376594543457
4	56.72610855102539
5	56.727657318115234
6	56.72529220581055
7	56.72987747192383
8	56.71000671386719
9	56.73488998413086
10	56.721946716308594
