step	mean_absolute_error
0	28.84674835205078
1	6.754585266113281
2	5.936320781707764
3	6.315577983856201
4	5.6553850173950195
5	6.371469020843506
6	5.958182334899902
7	6.184433460235596
8	6.273868083953857
9	5.731739044189453
10	5.888360023498535
11	5.919281482696533
12	5.721886157989502
13	6.55635929107666
14	5.685103893280029
