step	mean_absolute_error
0	56.74087905883789
1	56.73490524291992
2	56.73340606689453
3	56.73275375366211
4	56.732418060302734
5	56.73222351074219
6	56.73210144042969
7	56.73199462890625
8	56.73195266723633
9	56.73189926147461
10	56.73186492919922
11	56.73184585571289
12	56.731815338134766
13	56.7318000793457
14	56.73178482055664
15	56.73178482055664
16	56.73176193237305
17	56.731781005859375
