step	mean_squared_error
0	3247.532958984375
1	3247.687255859375
2	3250.566650390625
3	3250.2890625
4	3248.786376953125
5	3249.072265625
6	3248.799560546875
7	3249.333251953125
8	3247.219970703125
9	3249.85986328125
10	3248.368896484375
