step	r2_score
0	-103.66569519042969
1	-103.65315246582031
2	-103.64250946044922
3	-103.634033203125
4	-103.63488006591797
5	-103.64139556884766
6	-103.63679504394531
7	-103.64059448242188
8	-103.63627624511719
9	-103.63819122314453
10	-103.63394165039062
11	-103.64205932617188
12	-103.6389389038086
13	-103.63579559326172
14	-103.62547302246094
15	-103.62642669677734
16	-103.63359069824219
17	-103.63256072998047
