step	r_squared
0	-0.3079824447631836
1	-0.3215106427669525
2	-0.2998499572277069
3	-0.1756155639886856
4	-0.11418410390615463
5	-0.12344470620155334
6	-0.12734375894069672
7	-0.11307566612958908
8	-0.06916514039039612
9	-0.08129384368658066
10	-0.07790964841842651
