step	r_squared
0	0.14600560069084167
1	0.20429691672325134
2	0.2522261440753937
3	0.25123363733291626
4	0.2671232521533966
5	0.2821143567562103
6	0.28055259585380554
7	0.27809402346611023
8	0.2925298810005188
9	0.28013187646865845
10	0.27117887139320374
