step	r_squared
0	-20.22422981262207
1	-0.5788009166717529
2	-0.24719440937042236
3	-0.38195574283599854
4	-0.13325899839401245
5	-0.384672611951828
6	-0.22508294880390167
7	-0.33825087547302246
8	-0.36423835158348083
9	-0.16204634308815002
10	-0.21758897602558136
11	-0.23067408800125122
12	-0.16716225445270538
13	-0.49191898107528687
14	-0.14431434869766235
