step	r_squared
0	0.12444163113832474
1	0.19904406368732452
2	0.22466212511062622
3	0.24859564006328583
4	0.26459649205207825
5	0.27070507407188416
6	0.2783059775829315
7	0.27886703610420227
8	0.2702542245388031
9	0.28244835138320923
10	0.2921845316886902
