step	r_squared
0	0.11800438910722733
1	0.20372790098190308
2	0.24466073513031006
3	0.25114578008651733
4	0.2661474049091339
5	0.2846432626247406
6	0.2790180444717407
7	0.27856647968292236
8	0.2564098834991455
9	0.253371924161911
10	0.29021456837654114
