step	r_squared
0	-0.2794985771179199
1	-0.3365355432033539
2	-0.3216497600078583
3	-0.20246466994285583
4	-0.26542913913726807
5	-0.1891130805015564
6	-0.2594277262687683
7	-0.21936838328838348
8	-0.14159856736660004
9	-0.12313216179609299
10	-0.20441855490207672
