step	r_squared
0	-0.4270244240760803
1	-0.3828389346599579
2	-0.3718167543411255
3	-0.2631300091743469
4	-0.49159762263298035
5	-0.36870846152305603
6	-0.33645832538604736
7	-0.2986040711402893
8	-0.2272050678730011
9	-0.2810616195201874
10	-0.17805831134319305
11	-0.2544046640396118
12	-0.3191443085670471
13	-0.29298830032348633
14	-0.228044793009758
15	-0.3065061867237091
16	-0.31425046920776367
17	-0.35965439677238464
18	-0.23317261040210724
19	-0.2949203848838806
20	-0.33279311656951904
