step	root_mean_squared_error
0	29.731475830078125
1	8.152642250061035
2	7.314942836761475
3	7.641814708709717
4	6.984060764312744
5	7.685786247253418
6	7.224856853485107
7	7.521568775177002
8	7.577028751373291
9	7.046907901763916
10	7.209172248840332
11	7.2380051612854
12	7.058447360992432
13	7.934493064880371
14	7.018584728240967
