step	root_mean_squared_error
0	6.774620056152344
1	6.452733039855957
2	6.295928478240967
3	6.299509525299072
4	6.21068811416626
5	6.153853416442871
6	6.159432888031006
7	6.130852222442627
8	6.257959842681885
9	6.219160556793213
10	6.103728771209717
