step	root_mean_squared_error
0	57.013851165771484
1	57.007911682128906
2	57.00641632080078
3	57.00578689575195
4	57.005455017089844
5	57.005271911621094
6	57.0051383972168
7	57.00505065917969
8	57.00499725341797
9	57.00495910644531
10	57.004920959472656
11	57.00489044189453
12	57.004878997802734
13	57.00486373901367
14	57.00485610961914
15	57.00483703613281
16	57.004825592041016
17	57.004825592041016
