step	root_mean_squared_error
0	6.690093040466309
1	6.442418575286865
2	6.262801170349121
3	6.212733745574951
4	6.181717872619629
5	6.176751136779785
6	6.131186008453369
7	6.137985706329346
8	6.125903606414795
9	6.164703845977783
10	6.162319660186768
