step	root_mean_squared_error
0	1.7504465579986572
1	1.7316381931304932
2	1.7320269346237183
3	1.658695936203003
4	1.791792869567871
5	1.710010051727295
6	1.6932505369186401
7	1.6647189855575562
8	1.6438452005386353
9	1.6789363622665405
10	1.599639654159546
11	1.6438359022140503
12	1.6942754983901978
13	1.6769580841064453
14	1.6428056955337524
15	1.680034875869751
16	1.6929901838302612
17	1.714248538017273
18	1.6319077014923096
19	1.6742973327636719
20	1.685599684715271
