step	root_mean_squared_error
0	6.015501499176025
1	6.123733043670654
2	6.036437034606934
3	5.7768425941467285
4	5.954132080078125
5	5.760502338409424
6	5.935774326324463
7	5.788501262664795
8	5.645809173583984
9	5.555514812469482
10	5.729033946990967
