step	root_mean_squared_error
0	6.027501106262207
1	6.076559543609619
2	5.992963790893555
3	5.733875751495361
4	5.613807201385498
5	5.620356559753418
6	5.632594108581543
7	5.5641021728515625
8	5.475851058959961
9	5.493241786956787
10	5.471308708190918
