step	root_mean_squared_error
0	6.753774166107178
1	6.515803337097168
2	6.384382247924805
3	6.260154724121094
4	6.244516849517822
5	6.199483871459961
6	6.177712440490723
7	6.146823406219482
8	6.175048351287842
9	6.13975191116333
10	6.109230995178223
