step	root_mean_squared_error
0	57.004798889160156
1	57.00479507446289
2	57.00480651855469
3	57.004791259765625
4	57.004783630371094
5	57.00480270385742
6	57.00479507446289
7	57.00480270385742
8	57.004791259765625
9	57.004791259765625
10	57.004798889160156
