step	root_mean_squared_error
0	60.26225662231445
1	60.262123107910156
2	60.262107849121094
3	60.2620964050293
4	60.2620964050293
5	60.2620735168457
6	60.262088775634766
7	60.262081146240234
8	60.2620735168457
9	60.2620735168457
10	60.2620735168457
