step	loss
0	2391.3974609375
1	192.10333251953125
2	54.59169387817383
3	52.405906677246094
4	50.46531677246094
5	48.66756820678711
6	47.339473724365234
7	46.076324462890625
8	45.2229118347168
9	43.64073181152344
10	43.233150482177734
11	42.23837661743164
12	41.81167984008789
13	40.74849319458008
14	40.12969207763672
15	39.68959045410156
16	39.01261520385742
17	38.355289459228516
18	37.97980499267578
19	37.69478988647461
