step	loss
0	3295.666015625
1	3290.009521484375
2	3289.72802734375
3	3289.634033203125
4	3289.58837890625
5	3289.56201171875
6	3289.54833984375
7	3289.53662109375
8	3289.530029296875
9	3289.526123046875
10	3289.520263671875
