step	loss
0	3289.6318359375
1	3289.50732421875
2	3289.504150390625
3	3289.509033203125
4	3289.5068359375
5	3289.5068359375
6	3289.505859375
7	3289.504638671875
8	3289.50830078125
9	3289.504150390625
10	3289.509521484375
