step	loss
0	11.963580131530762
1	5.501277446746826
2	5.294707775115967
3	5.181544780731201
4	5.123171806335449
5	5.098491191864014
6	5.062338829040527
7	5.051353931427002
8	5.046241283416748
9	5.004909515380859
10	5.010031700134277
