step	loss
0	11.918949127197266
1	5.464655876159668
2	5.31111478805542
3	5.193281173706055
4	5.1273040771484375
5	5.069082736968994
6	5.0634942054748535
7	5.038975238800049
8	5.007101058959961
9	5.036335468292236
10	5.022265911102295
11	5.011046886444092
