step	mean_squared_error
0	398.5557861328125
1	48.378021240234375
2	45.2248420715332
3	43.6300163269043
4	42.887428283691406
5	41.86414337158203
6	41.669464111328125
7	41.70296859741211
8	41.19913101196289
9	41.37556838989258
10	41.353424072265625
