step	mean_absolute_percentage_error
0	98.34236907958984
1	98.25648498535156
2	98.25212860107422
3	98.25056457519531
4	98.2498550415039
5	98.24951171875
6	98.24919128417969
7	98.24908447265625
8	98.24897003173828
9	98.24883270263672
10	98.24885559082031
