step	mean_absolute_error
0	11.911808967590332
1	5.479711055755615
2	5.289133548736572
3	5.179653644561768
4	5.1418352127075195
5	5.071005821228027
6	5.065606594085693
7	5.0605034828186035
8	5.016246318817139
9	5.039120197296143
10	5.037589073181152
