step	mean_absolute_percentage_error
0	98.25106811523438
1	98.24664306640625
2	98.2464370727539
3	98.24652862548828
4	98.24652862548828
5	98.24641418457031
6	98.24637603759766
7	98.24645233154297
8	98.24658203125
9	98.24656677246094
10	98.24644470214844
