step	mean_squared_error
0	797.8146362304688
1	51.10078430175781
2	48.47158432006836
3	46.031551361083984
4	44.638919830322266
5	42.9986686706543
6	41.51427459716797
7	41.35421371459961
8	40.30939865112305
9	39.720069885253906
10	39.413482666015625
