step	mean_squared_error
0	746.9164428710938
1	51.03662109375
2	46.74506759643555
3	44.60658264160156
4	43.21541976928711
5	41.753196716308594
6	41.78386688232422
7	41.281707763671875
8	40.23446273803711
9	40.107215881347656
10	40.437469482421875
11	39.338871002197266
12	39.22383499145508
13	39.13294982910156
14	38.890682220458984
15	39.35636901855469
16	39.02455139160156
17	38.87546920776367
18	38.69856643676758
