step	mean_squared_error
0	3289.744140625
1	3289.389404296875
2	3289.3203125
3	3289.582275390625
4	3289.374755859375
5	3289.5595703125
6	3289.704345703125
7	3289.7314453125
8	3289.017333984375
9	3289.5712890625
10	3289.886962890625
