step	mean_absolute_percentage_error
0	34.106605529785156
1	9.971981048583984
2	9.668259620666504
3	9.440300941467285
4	9.290556907653809
5	9.106365203857422
6	8.920398712158203
7	8.934205055236816
8	8.821524620056152
9	8.741912841796875
10	8.742168426513672
