step	mean_absolute_error
0	56.98591613769531
1	56.93659973144531
2	56.93415832519531
3	56.93330001831055
4	56.932899475097656
5	56.93269348144531
6	56.93253707885742
7	56.932430267333984
8	56.932395935058594
9	56.93231201171875
10	56.93229293823242
