step	mean_absolute_percentage_error
0	81.97126770019531
1	18.548402786254883
2	10.299823760986328
3	10.110623359680176
4	9.921011924743652
5	9.751738548278809
6	9.60338020324707
7	9.479207038879395
8	9.382091522216797
9	9.212401390075684
10	9.17553424835205
11	9.061904907226562
12	9.019730567932129
13	8.905223846435547
14	8.821457862854004
15	8.783506393432617
16	8.718363761901855
17	8.625869750976562
18	8.600700378417969
19	8.552155494689941
