step	mean_absolute_percentage_error
0	20.154870986938477
1	9.516133308410645
2	9.155078887939453
3	8.974839210510254
4	8.874948501586914
5	8.8457670211792
6	8.777698516845703
7	8.76459789276123
8	8.756877899169922
9	8.683636665344238
10	8.7018461227417
