step	mean_absolute_percentage_error
0	20.081798553466797
1	9.482515335083008
2	9.162506103515625
3	8.979562759399414
4	8.910628318786621
5	8.796672821044922
6	8.784173965454102
7	8.78529167175293
8	8.706733703613281
9	8.740331649780273
10	8.742999076843262
