step	mean_absolute_percentage_error
0	32.05491256713867
1	9.850011825561523
2	9.427637100219727
3	9.180646896362305
4	9.099943161010742
5	8.868871688842773
6	8.871711730957031
7	8.830787658691406
8	8.701967239379883
9	8.714618682861328
10	8.69967269897461
11	8.571455001831055
12	8.59118366241455
13	8.546433448791504
14	8.559226989746094
15	8.581501007080078
16	8.522051811218262
17	8.534734725952148
18	8.471202850341797
