step	mean_absolute_percentage_error
0	20.09849739074707
1	9.442689895629883
2	9.188430786132812
3	9.009088516235352
4	8.895309448242188
5	8.788333892822266
6	8.772560119628906
7	8.742755889892578
8	8.688895225524902
9	8.741482734680176
10	8.718613624572754
11	8.687261581420898
