step	mean_squared_error
0	398.36834716796875
1	48.17901611328125
2	45.356143951416016
3	43.76475143432617
4	42.70274353027344
5	42.127784729003906
6	41.66606903076172
7	41.438873291015625
8	41.04814910888672
9	41.416507720947266
10	41.25515365600586
11	41.01571273803711
