step	mean_absolute_percentage_error
0	98.25057220458984
1	98.24848175048828
2	98.24854278564453
3	98.24858093261719
4	98.24853515625
5	98.24862670898438
6	98.24861907958984
7	98.24866485595703
8	98.24845886230469
9	98.24858093261719
10	98.24869537353516
