step	mean_absolute_error
0	57.03693389892578
1	57.034420013427734
2	57.03437042236328
3	57.034400939941406
4	57.03435134887695
5	57.0343017578125
6	57.03433609008789
7	57.034332275390625
8	57.034400939941406
9	57.03437423706055
10	57.03432083129883
