step	mean_absolute_error
0	2.058840751647949
1	1.447303295135498
2	1.3834108114242554
3	1.358357548713684
4	1.359950065612793
5	1.3462618589401245
6	1.345960021018982
7	1.3450764417648315
8	1.3463547229766846
9	1.3371752500534058
10	1.336885929107666
