step	mean_absolute_error
0	47.51453399658203
1	10.952404975891113
2	5.850946426391602
3	5.740890026092529
4	5.627842426300049
5	5.527726650238037
6	5.443837642669678
7	5.372172832489014
8	5.314712047576904
9	5.2191643714904785
10	5.197093486785889
11	5.130770683288574
12	5.105298042297363
13	5.039911270141602
14	4.9923481941223145
15	4.971747875213623
16	4.932160377502441
17	4.881348609924316
18	4.862525463104248
19	4.837178707122803
