step	mean_absolute_error
0	11.962778091430664
1	5.501260757446289
2	5.2947282791137695
3	5.181520938873291
4	5.123269557952881
5	5.09825325012207
6	5.062399387359619
7	5.051342964172363
8	5.046154022216797
9	5.0048370361328125
10	5.010069847106934
