step	mean_squared_error
0	3311.583251953125
1	3311.29345703125
2	3311.287353515625
3	3311.284912109375
4	3311.284423828125
5	3311.284912109375
6	3311.285888671875
7	3311.28369140625
8	3311.28662109375
9	3311.285400390625
10	3311.283447265625
