step	mean_squared_error
0	7.58277702331543
1	3.3190042972564697
2	3.032970905303955
3	2.932634115219116
4	2.924405813217163
5	2.8670148849487305
6	2.892512559890747
7	2.863020181655884
8	2.8687751293182373
9	2.850472927093506
10	2.8433713912963867
