step	mean_absolute_error
0	18.549650192260742
1	5.60983943939209
2	5.369192123413086
3	5.230841159820557
4	5.1768035888671875
5	5.053858280181885
6	5.050769329071045
7	5.033225059509277
8	4.958134174346924
9	4.9630560874938965
10	4.963708877563477
11	4.8857340812683105
12	4.902270793914795
13	4.872288227081299
14	4.874658584594727
15	4.885503768920898
16	4.855445861816406
17	4.867739677429199
18	4.829018592834473
