step	mean_absolute_percentage_error
0	33.68027114868164
1	25.60154151916504
2	24.602243423461914
3	24.32721710205078
4	24.301918029785156
5	24.09525489807129
6	24.125078201293945
7	24.118919372558594
8	24.071548461914062
9	23.91961669921875
10	23.93606185913086
