step	mean_absolute_error
0	19.777557373046875
1	5.677311420440674
2	5.503594398498535
3	5.375233173370361
4	5.286766529083252
5	5.180347919464111
6	5.072502613067627
7	5.079216480255127
8	5.016139507293701
9	4.969526767730713
10	4.968629837036133
