step	mean_absolute_error
0	56.93403625488281
1	56.931068420410156
2	56.93052291870117
3	56.93303298950195
4	56.93092727661133
5	56.93257522583008
6	56.93387985229492
7	56.934059143066406
8	56.92788314819336
9	56.932655334472656
10	56.935630798339844
