step	mean_squared_error
0	399.9723815917969
1	48.61583709716797
2	45.242523193359375
3	43.62345504760742
4	42.69840621948242
5	42.491390228271484
6	41.87602996826172
7	41.599212646484375
8	41.55207061767578
9	41.08251190185547
10	41.13398361206055
