step	r2_score
0	-67.32130432128906
1	-67.20662689208984
2	-67.1999282836914
3	-67.20013427734375
4	-67.20177459716797
5	-67.19605255126953
6	-67.19619750976562
7	-67.19682312011719
8	-67.20531463623047
9	-67.1961669921875
10	-67.19475555419922
