step	r_squared
0	-6.835561752319336
1	0.04952098801732063
2	0.11559833586215973
3	0.14955705404281616
4	0.16391262412071228
5	0.17445328831672668
6	0.18363220989704132
7	0.19244904816150665
8	0.19164930284023285
9	0.19893337786197662
10	0.19973039627075195
