step	r_squared
0	-17.89893913269043
1	-0.1579202115535736
2	-0.09311450272798538
3	-0.04160922393202782
4	-0.011881888844072819
5	0.02383134514093399
6	0.06549859046936035
7	0.06866459548473358
8	0.08806553483009338
9	0.09983384609222412
10	0.1078215166926384
