step	r_squared
0	-43.69454574584961
1	-2.579195022583008
2	0.0056931013241410255
3	0.04349241778254509
4	0.08056145906448364
5	0.1181696429848671
6	0.1392286866903305
7	0.16139943897724152
8	0.17778223752975464
9	0.20876365900039673
10	0.2141452133655548
11	0.2334870547056198
12	0.23894014954566956
13	0.26264700293540955
14	0.2713736891746521
15	0.2818896174430847
16	0.29452356696128845
17	0.3042944669723511
18	0.31118252873420715
19	0.31825825572013855
