step	r_squared
0	-16.71126937866211
1	-0.1544737070798874
2	-0.05643702298402786
3	-0.009993376210331917
4	0.02297651208937168
5	0.057130273431539536
6	0.05917990952730179
7	0.06836017221212387
8	0.09016638249158859
9	0.09460124373435974
10	0.08758129924535751
11	0.11052081733942032
12	0.12002047896385193
13	0.11971796303987503
14	0.12372565269470215
15	0.10878334939479828
16	0.12010394781827927
17	0.12036596983671188
18	0.1220584288239479
