step	r_squared
0	-7.250905990600586
1	0.05579516291618347
2	0.10998857766389847
3	0.14339087903499603
4	0.16918931901454926
5	0.1787320077419281
6	0.18820589780807495
7	0.18807350099086761
8	0.20090849697589874
9	0.19024218618869781
10	0.19726122915744781
11	0.19907864928245544
