step	r_squared
0	-7.256865501403809
1	0.057003747671842575
2	0.11810778826475143
3	0.1507834941148758
4	0.1624540388584137
5	0.18379230797290802
6	0.18968307971954346
7	0.18403156101703644
8	0.19885951280593872
9	0.196231409907341
10	0.1962517946958542
