step	r_squared
0	-1.477057933807373
1	-0.06083355098962784
2	0.0332198292016983
3	0.06510630249977112
4	0.07369890809059143
5	0.09199129790067673
6	0.08339931070804596
7	0.09312232583761215
8	0.08909080922603607
9	0.09072902798652649
10	0.10308165848255157
