step	root_mean_squared_error
0	48.901920318603516
1	13.860136032104492
2	7.388619422912598
3	7.239192485809326
4	7.1038947105407715
5	6.97621488571167
6	6.880368232727051
7	6.787954807281494
8	6.724798679351807
9	6.606112957000732
10	6.575191974639893
11	6.499105930328369
12	6.466195106506348
13	6.3834547996521
14	6.334799766540527
15	6.299967288970947
16	6.246008396148682
17	6.193165302276611
18	6.162775993347168
19	6.139607906341553
