step	root_mean_squared_error
0	19.963863372802734
1	6.95543098449707
2	6.724942207336426
3	6.605301856994629
4	6.548849582672119
5	6.470250606536865
6	6.455188751220703
7	6.457783222198486
8	6.418654918670654
9	6.432384967803955
10	6.430663108825684
