step	root_mean_squared_error
0	57.40789031982422
1	57.358604431152344
2	57.35615158081055
3	57.35533142089844
4	57.35493087768555
5	57.35470199584961
6	57.354583740234375
7	57.3544807434082
8	57.35442352294922
9	57.35438919067383
10	57.354339599609375
