step	root_mean_squared_error
0	19.95916748046875
1	6.941110610961914
2	6.7346978187561035
3	6.615492820739746
4	6.534733295440674
5	6.490592002868652
6	6.454926013946533
7	6.43730354309082
8	6.406883239746094
9	6.435565948486328
10	6.423017978668213
11	6.404351234436035
