step	root_mean_squared_error
0	19.999309539794922
1	6.972506046295166
2	6.726256847381592
3	6.6048054695129395
4	6.5344014167785645
5	6.5185418128967285
6	6.4711689949035645
7	6.449744701385498
8	6.446089267730713
9	6.409564018249512
10	6.413578033447266
