step	root_mean_squared_error
0	57.35531234741211
1	57.354225158691406
2	57.35419845581055
3	57.35424041748047
4	57.35422134399414
5	57.35422134399414
6	57.35421371459961
7	57.35420227050781
8	57.35423278808594
9	57.35419845581055
10	57.354244232177734
