step	root_mean_squared_error
0	28.24561309814453
1	7.148481369018555
2	6.962153434753418
3	6.784656047821045
4	6.681236743927002
5	6.557337284088135
6	6.443157196044922
7	6.430724143981934
8	6.348968505859375
9	6.3023858070373535
10	6.278016090393066
