step	root_mean_squared_error
0	27.32977294921875
1	7.143991470336914
2	6.837036609649658
3	6.678816318511963
4	6.573843479156494
5	6.461671352386475
6	6.464044094085693
7	6.425084590911865
8	6.343064308166504
9	6.3330254554748535
10	6.359046936035156
11	6.272071361541748
12	6.2628936767578125
13	6.255633354187012
14	6.236239433288574
15	6.273465633392334
16	6.2469635009765625
17	6.235019683837891
18	6.2208170890808105
