step	root_mean_squared_error
0	2.7536842823028564
1	1.8218133449554443
2	1.7415426969528198
3	1.712493658065796
4	1.7100894451141357
5	1.6932263374328613
6	1.7007389068603516
7	1.6920461654663086
8	1.6937459707260132
9	1.6883342266082764
10	1.6862298250198364
