step	root_mean_squared_error
0	57.546356201171875
1	57.54384231567383
2	57.543785095214844
3	57.543766021728516
4	57.54376220703125
5	57.543766021728516
6	57.54377365112305
7	57.54375457763672
8	57.54378128051758
9	57.543766021728516
10	57.54375457763672
