step	custom_r_squared
0	-37.611083984375
1	-37.59014892578125
2	-37.78768539428711
3	-37.56618881225586
4	-37.79075241088867
5	-37.58664321899414
6	-37.60581588745117
7	-37.509281158447266
8	-37.48603820800781
9	-37.70600128173828
10	-37.4958381652832
