step	loss
0	778.2517700195312
1	80.38050079345703
2	78.55510711669922
3	84.13127136230469
4	82.09078216552734
5	78.85855102539062
6	83.5104751586914
7	75.09105682373047
8	80.8265151977539
9	76.7117691040039
10	74.77543640136719
11	83.50584411621094
12	77.87787628173828
13	79.38096618652344
14	78.94735717773438
15	83.79808044433594
16	77.21617889404297
17	81.56549835205078
