step	loss
0	3687.88623046875
1	3687.886474609375
2	3687.887451171875
3	3687.8857421875
4	3687.88623046875
5	3687.8857421875
6	3687.8876953125
7	3687.88623046875
8	3687.8857421875
9	3687.8857421875
10	3687.8857421875
