step	loss
0	6.119060516357422
1	5.994282245635986
2	5.785090923309326
3	6.315670013427734
4	5.971040725708008
5	5.7828288078308105
6	5.717929363250732
7	5.729055881500244
8	5.998682022094727
9	5.858323097229004
10	5.986127853393555
