step	loss
0	7.447858810424805
1	7.373932361602783
2	6.681411266326904
3	7.001782417297363
4	7.152512073516846
5	6.795346736907959
6	6.8492302894592285
7	7.01385498046875
8	6.560557842254639
9	6.876673698425293
10	6.464036464691162
11	6.794753074645996
12	6.636888027191162
