step	loss
0	4.483493328094482
1	4.345842361450195
2	4.484804153442383
3	4.463634014129639
4	5.026005744934082
5	4.370425701141357
6	4.00425386428833
7	4.485084533691406
8	4.3266706466674805
9	4.243803977966309
10	4.126110553741455
11	4.825610160827637
12	4.469104290008545
13	4.212032318115234
14	4.995426177978516
15	4.179168701171875
16	4.179073333740234
