step	mean_absolute_error
0	6.045265197753906
1	6.287013530731201
2	5.966172695159912
3	5.947032451629639
4	5.91188383102417
5	5.959562301635742
6	5.688356399536133
7	5.851130485534668
8	5.5861310958862305
9	5.782113075256348
10	6.180021286010742
