step	mean_absolute_percentage_error
0	11.177266120910645
1	11.785531997680664
2	11.150090217590332
3	11.166399955749512
4	11.052877426147461
5	11.193694114685059
6	10.595081329345703
7	10.936077117919922
8	10.384574890136719
9	10.82323932647705
10	11.652897834777832
