step	mean_absolute_error
0	26.448848724365234
1	7.351756572723389
2	7.321869373321533
3	7.576720237731934
4	7.464584827423096
5	7.300692081451416
6	7.458556652069092
7	7.128186225891113
8	7.321572780609131
9	7.2133049964904785
10	7.122403144836426
11	7.441976070404053
12	7.244645595550537
13	7.282965183258057
14	7.278050899505615
15	7.458188056945801
16	7.26540470123291
17	7.352762699127197
