step	mean_absolute_error
0	6.503468036651611
1	6.036111831665039
2	5.668210506439209
3	5.660872459411621
4	6.119241237640381
5	5.878199100494385
6	5.490207195281982
7	5.7223076820373535
8	5.777565002441406
9	5.9760589599609375
10	5.807525634765625
11	5.652281284332275
12	5.693935394287109
