step	mean_squared_error
0	61.29685974121094
1	65.26145935058594
2	58.94026565551758
3	60.162986755371094
4	57.85466003417969
5	58.95171356201172
6	53.9030647277832
7	56.342674255371094
8	52.59819793701172
9	56.44393539428711
10	62.35074234008789
