step	mean_squared_error
0	68.58773040771484
1	60.326412200927734
2	54.06108474731445
3	53.73948669433594
4	62.6893310546875
5	56.82368850708008
6	50.08572006225586
7	54.457218170166016
8	55.441436767578125
9	58.981361389160156
10	57.03870391845703
11	53.05319595336914
12	54.03696060180664
