step	mean_absolute_percentage_error
0	11.290456771850586
1	11.128170013427734
2	10.73912525177002
3	11.924369812011719
4	11.173441886901855
5	10.815797805786133
6	10.687400817871094
7	10.708033561706543
8	11.285548210144043
9	10.975006103515625
10	11.253560066223145
