step	mean_squared_error
0	3186.467041015625
1	3186.457763671875
2	3186.4560546875
3	3186.455322265625
4	3186.45361328125
5	3186.454833984375
6	3186.454345703125
7	3186.4541015625
8	3186.45654296875
9	3186.45458984375
10	3186.452392578125
