step	mean_absolute_percentage_error
0	98.36763000488281
1	98.35485076904297
2	98.35151672363281
3	98.35008239746094
4	98.34931182861328
5	98.3488540649414
6	98.34855651855469
7	98.34833526611328
8	98.3482437133789
9	98.34808349609375
10	98.34800720214844
11	98.34798431396484
12	98.34789276123047
