step	mean_absolute_error
0	59.10172653198242
1	54.06199264526367
2	42.15104293823242
3	29.7994441986084
4	17.77566909790039
5	12.063657760620117
6	7.124349117279053
7	8.105873107910156
8	6.548560619354248
9	6.790290832519531
10	8.446793556213379
11	8.823862075805664
12	8.102524757385254
13	7.192110538482666
14	6.99790096282959
15	8.740897178649902
16	7.3665080070495605
17	8.05476188659668
18	7.646168231964111
