step	mean_absolute_error
0	7.317357063293457
1	7.2189435958862305
2	7.026490211486816
3	7.1423659324646
4	6.632033824920654
5	6.97280216217041
6	6.932671546936035
7	7.100955963134766
8	6.894209861755371
9	6.891382217407227
10	6.45804500579834
11	6.968219757080078
12	6.70319128036499
13	7.345412254333496
14	6.972604751586914
