step	mean_absolute_percentage_error
0	96.40328216552734
1	88.13956451416016
2	68.47562408447266
3	48.07905960083008
4	28.25794219970703
5	19.043643951416016
6	11.447638511657715
7	12.851065635681152
8	10.58362865447998
9	10.930516242980957
10	13.410300254821777
11	13.907901763916016
12	12.828079223632812
13	11.502860069274902
14	11.244569778442383
15	13.867735862731934
16	11.77904987335205
17	12.759784698486328
18	12.185319900512695
