step	mean_absolute_percentage_error
0	11.872864723205566
1	11.740216255187988
2	10.761364936828613
3	11.192439079284668
4	11.407807350158691
5	10.867204666137695
6	10.96781063079834
7	11.1800537109375
8	10.555764198303223
9	10.990866661071777
10	10.413556098937988
11	10.871255874633789
12	10.639961242675781
