step	mean_absolute_percentage_error
0	98.34782409667969
1	98.34663391113281
2	98.34782409667969
3	98.34835815429688
4	98.34766387939453
5	98.34716033935547
6	98.34745788574219
7	98.34793090820312
8	98.3480453491211
9	98.34738159179688
10	98.34768676757812
