step	mean_absolute_error
0	55.66191864013672
1	55.66188049316406
2	55.661869049072266
3	55.661834716796875
4	55.66185760498047
5	55.6618537902832
6	55.66181564331055
7	55.66183090209961
8	55.661842346191406
9	55.66183090209961
10	55.661861419677734
