step	mean_squared_error
0	61.10666275024414
1	58.69664001464844
2	55.336246490478516
3	64.68097686767578
4	58.53483963012695
5	56.29591369628906
6	54.99886703491211
7	55.26063919067383
8	59.97735595703125
9	57.12468719482422
10	59.838897705078125
