step	mean_absolute_percentage_error
0	11.683713912963867
1	11.53050708770752
2	11.228562355041504
3	11.367782592773438
4	10.638632774353027
5	11.115187644958496
6	11.059865951538086
7	11.289661407470703
8	10.994654655456543
9	10.983418464660645
10	10.37592887878418
11	11.083680152893066
12	10.718703269958496
13	11.622421264648438
14	11.096697807312012
