step	mean_squared_error
0	3537.972900390625
1	2970.16796875
2	1822.582275390625
3	936.5651245117188
4	364.2942199707031
5	187.4995574951172
6	75.48486328125
7	94.15825653076172
8	64.44786071777344
9	69.15921020507812
10	102.4811782836914
11	111.04435729980469
12	94.71871185302734
13	77.62373352050781
14	72.86679077148438
15	108.13636016845703
16	80.31309509277344
17	94.52303314208984
18	84.8853759765625
