step	mean_squared_error
0	3689.2861328125
1	3688.384033203125
2	3688.150390625
3	3688.051513671875
4	3687.998046875
5	3687.96728515625
6	3687.9462890625
7	3687.93212890625
8	3687.921142578125
9	3687.913818359375
10	3687.908203125
11	3687.904052734375
12	3687.900146484375
