step	mean_squared_error
0	3688.31103515625
1	3684.46533203125
2	3688.395263671875
3	3690.634033203125
4	3687.8291015625
5	3686.760498046875
6	3686.807373046875
7	3688.5849609375
8	3689.268310546875
9	3686.428466796875
10	3688.165283203125
