step	mean_absolute_error
0	60.34751892089844
1	60.313453674316406
2	60.34830093383789
3	60.366661071777344
4	60.34318923950195
5	60.33258056640625
6	60.335269927978516
7	60.35031509399414
8	60.35581970214844
9	60.33162307739258
10	60.34518051147461
