step	mean_absolute_percentage_error
0	45.53593826293945
1	13.920256614685059
2	13.667880058288574
3	14.251151084899902
4	14.214010238647461
5	13.917716979980469
6	14.328621864318848
7	13.312089920043945
8	14.122823715209961
9	13.694374084472656
10	13.281574249267578
11	14.442168235778809
12	13.835345268249512
13	14.005240440368652
14	13.995646476745605
15	14.440323829650879
16	13.757022857666016
17	14.218969345092773
