step	mean_absolute_error
0	1.832687497138977
1	1.781761646270752
2	1.8238329887390137
3	1.8334530591964722
4	1.9685888290405273
5	1.8139317035675049
6	1.719422698020935
7	1.8548859357833862
8	1.796530842781067
9	1.7831149101257324
10	1.7482266426086426
11	1.9313313961029053
12	1.8403791189193726
13	1.7675915956497192
14	1.9659677743911743
15	1.7599867582321167
16	1.7707560062408447
