step	mean_absolute_percentage_error
0	98.18544006347656
1	98.18524932861328
2	98.18524169921875
3	98.18528747558594
4	98.18525695800781
5	98.18524169921875
6	98.18521118164062
7	98.1852035522461
8	98.18524169921875
9	98.18524169921875
10	98.18521118164062
