step	mean_absolute_percentage_error
0	12.149432182312012
1	11.265600204467773
2	10.502124786376953
3	10.507221221923828
4	11.528167724609375
5	10.999584197998047
6	10.100208282470703
7	10.663444519042969
8	10.790061950683594
9	11.230342864990234
10	10.902753829956055
11	10.523300170898438
12	10.617752075195312
