step	mean_absolute_error
0	6.119179725646973
1	5.995328903198242
2	5.780860900878906
3	6.320827007293701
4	5.965936660766602
5	5.786515712738037
6	5.725697994232178
7	5.732178688049316
8	5.997691631317139
9	5.862104892730713
10	5.981371879577637
