step	mean_squared_error
0	78.5750503540039
1	78.47588348388672
2	65.20647430419922
3	70.77354431152344
4	73.7862548828125
5	67.11567687988281
6	67.73550415039062
7	70.7270278930664
8	62.488040924072266
9	68.228515625
10	60.39677810668945
11	66.89191436767578
12	64.07757568359375
