step	mean_absolute_percentage_error
0	27.715885162353516
1	27.003032684326172
2	27.629112243652344
3	27.81072998046875
4	28.93025779724121
5	27.58061408996582
6	26.629878997802734
7	27.56699562072754
8	27.404062271118164
9	27.062633514404297
10	26.914426803588867
11	28.615983963012695
12	28.032289505004883
13	26.82111930847168
14	29.00620460510254
15	26.838701248168945
16	27.01652717590332
