step	mean_squared_error
0	76.43689727783203
1	75.59757232666016
2	72.0871810913086
3	73.91024017333984
4	64.19795227050781
5	70.7213363647461
6	69.4572525024414
7	72.93486022949219
8	69.00652313232422
9	68.65210723876953
10	60.5629997253418
11	70.02733612060547
12	64.89158630371094
13	77.06624603271484
14	69.71611022949219
