step	mean_absolute_error
0	60.35560607910156
1	60.3480110168457
2	60.34604263305664
3	60.34519577026367
4	60.34474563598633
5	60.344478607177734
6	60.344295501708984
7	60.344173431396484
8	60.344085693359375
9	60.34404754638672
10	60.34400177001953
11	60.343963623046875
12	60.34390640258789
