step	r2_score
0	-78.31761932373047
1	-78.29718017578125
2	-78.2937240600586
3	-78.29107666015625
4	-78.29252624511719
5	-78.28822326660156
6	-78.28881072998047
7	-78.28955078125
8	-78.2872314453125
9	-78.28707885742188
10	-78.28694915771484
11	-78.2884292602539
12	-78.28678131103516
