step	r_squared
0	-8.419055938720703
1	0.04880474880337715
2	0.07005038857460022
3	0.004441913217306137
4	0.020332736894488335
5	0.06225917115807533
6	0.009150027297437191
7	0.10465113818645477
8	0.03712136670947075
9	0.08825252205133438
10	0.11776704341173172
11	0.007461989764124155
12	0.08040381968021393
13	0.06191321462392807
14	0.06753769516944885
15	0.003413306549191475
16	0.08720393478870392
17	0.03881703317165375
