step	r_squared
0	-80.83151245117188
1	-68.31110382080078
2	-42.4554328918457
3	-20.592498779296875
4	-7.451233863830566
5	-3.3140921592712402
6	-0.730160117149353
7	-1.1613954305648804
8	-0.4616193175315857
9	-0.5729435086250305
10	-1.3246335983276367
11	-1.5758825540542603
12	-1.161624789237976
13	-0.7660451531410217
14	-0.6887239813804626
15	-1.464562177658081
16	-0.8155894875526428
17	-1.1550371646881104
18	-0.9001456499099731
