step	r_squared
0	-0.7859145402908325
1	-0.7987184524536133
2	-0.4675602912902832
3	-0.5932461023330688
4	-0.6891891956329346
5	-0.5391963720321655
6	-0.5328017473220825
7	-0.5912297964096069
8	-0.4060033857822418
9	-0.5446792840957642
10	-0.3714497685432434
11	-0.5152358412742615
12	-0.46096572279930115
