step	r_squared
0	-0.7358242273330688
1	-0.7328106760978699
2	-0.6556564569473267
3	-0.6602225303649902
4	-0.47425663471221924
5	-0.6218814849853516
6	-0.5969436168670654
7	-0.6583277583122253
8	-0.5707617402076721
9	-0.5688010454177856
10	-0.3783871531486511
11	-0.6401920318603516
12	-0.494919091463089
13	-0.7587161064147949
14	-0.5881977677345276
