step	r_squared
0	-0.9060205221176147
1	-0.8643956780433655
2	-0.9837775230407715
3	-0.8665828704833984
4	-1.1657750606536865
5	-0.7967972159385681
6	-0.8028396964073181
7	-0.8956148624420166
8	-0.7852590680122375
9	-0.7505418062210083
10	-0.7166321277618408
11	-1.1263065338134766
12	-1.0256022214889526
13	-0.7914131879806519
14	-1.2134478092193604
15	-0.654205322265625
16	-0.7900402545928955
