step	r_squared
0	-0.01664583384990692
1	-0.1000179573893547
2	0.007670770399272442
3	-0.01922614313662052
4	0.02998180128633976
5	0.008006757125258446
6	0.09401576220989227
7	0.0629766508936882
8	0.11423218250274658
9	0.04856159910559654
10	-0.044113337993621826
