step	r_squared
0	-0.13665936887264252
1	-0.003985302522778511
2	0.09402549266815186
3	0.10313314199447632
4	-0.041139017790555954
5	0.05570986494421959
6	0.17108993232250214
7	0.08653338253498077
8	0.06257474422454834
9	0.012852506712079048
10	0.048879802227020264
11	0.12487860769033432
12	0.10231913626194
