step	r_squared
0	-0.018655378371477127
1	0.02761094830930233
2	0.0623227097094059
3	-0.08043453097343445
4	0.020352594554424286
5	0.061130404472351074
6	0.08824412524700165
7	0.07072395086288452
8	0.012383013032376766
9	0.039656609296798706
10	-0.0009579148609191179
