step	root_mean_squared_error
0	2.1174261569976807
1	2.0846683979034424
2	2.1177356243133545
3	2.112731456756592
4	2.241875648498535
5	2.0905563831329346
6	2.001063108444214
7	2.1178019046783447
8	2.0800650119781494
9	2.060049533843994
10	2.031283140182495
11	2.1967270374298096
12	2.114025592803955
13	2.052323579788208
14	2.2350449562072754
15	2.0443015098571777
16	2.044278383255005
