step	root_mean_squared_error
0	59.480857849121094
1	54.49924850463867
2	42.69171142578125
3	30.603349685668945
4	19.08649253845215
5	13.693048477172852
6	8.688202857971191
7	9.70351791381836
8	8.027942657470703
9	8.316201210021973
10	10.123298645019531
11	10.537758827209473
12	9.732354164123535
13	8.810433387756348
14	8.53620433807373
15	10.398863792419434
16	8.96175765991211
17	9.722295761108398
18	9.213326454162598
