step	root_mean_squared_error
0	8.742819786071777
1	8.694686889648438
2	8.49041748046875
3	8.59710693359375
4	8.012362480163574
5	8.409598350524902
6	8.334101676940918
7	8.540190696716309
8	8.307016372680664
9	8.285656929016113
10	7.782223701477051
11	8.368233680725098
12	8.05553150177002
13	8.778738021850586
14	8.349617958068848
