step	root_mean_squared_error
0	7.829230785369873
1	8.078455924987793
2	7.6772565841674805
3	7.756479740142822
4	7.60622501373291
5	7.67800235748291
6	7.3418707847595215
7	7.506175994873047
8	7.252460956573486
9	7.512917995452881
10	7.8962483406066895
