step	root_mean_squared_error
0	56.44879913330078
1	56.44872283935547
2	56.44870376586914
3	56.44869613647461
4	56.44868087768555
5	56.448692321777344
6	56.448692321777344
7	56.44868469238281
8	56.44871139526367
9	56.448692321777344
10	56.448673248291016
