step	root_mean_squared_error
0	60.72796630859375
1	60.727970123291016
2	60.72797775268555
3	60.727962493896484
4	60.72796630859375
5	60.727962493896484
6	60.72798156738281
7	60.72796630859375
8	60.727962493896484
9	60.727962493896484
10	60.727962493896484
