step	root_mean_squared_error
0	27.897165298461914
1	8.965517044067383
2	8.863131523132324
3	9.172309875488281
4	9.060397148132324
5	8.880233764648438
6	9.138406753540039
7	8.665510177612305
8	8.990357398986816
9	8.758525848388672
10	8.647279739379883
11	9.138153076171875
12	8.824844360351562
13	8.909600257873535
14	8.885232925415039
15	9.154129028320312
16	8.787273406982422
17	9.031362533569336
