step	root_mean_squared_error
0	8.281770706176758
1	7.767007350921631
2	7.352624416351318
3	7.330721378326416
4	7.917659759521484
5	7.538149356842041
6	7.0771260261535645
7	7.379513740539551
8	7.445900917053223
9	7.679932594299316
10	7.55239725112915
11	7.283762454986572
12	7.350983619689941
