step	root_mean_squared_error
0	8.864256858825684
1	8.858661651611328
2	8.075052261352539
3	8.412701606750488
4	8.589892387390137
5	8.192415237426758
6	8.230158805847168
7	8.409936904907227
8	7.904937267303467
9	8.260055541992188
10	7.771536350250244
11	8.17874813079834
12	8.004847526550293
