step	root_mean_squared_error
0	7.817075252532959
1	7.661373138427734
2	7.438833236694336
3	8.042448997497559
4	7.650806427001953
5	7.503060340881348
6	7.416121959686279
7	7.433749198913574
8	7.744505405426025
9	7.55808687210083
10	7.735560417175293
