step	root_mean_squared_error
0	60.73949432373047
1	60.7320671081543
2	60.73014450073242
3	60.72932815551758
4	60.72888946533203
5	60.728633880615234
6	60.72846221923828
7	60.72834777832031
8	60.72825622558594
9	60.72819519042969
10	60.7281494140625
11	60.72811508178711
12	60.72808074951172
